apwaveform_tau_mean_stim_60,idrest_AP_mean_stim_275,idrest_AP_stdev_stim_150,apwaveform_second_AP_voltage_stim_140,apwaveform_AP_stdev_stim_140,apwaveform_first_ISI_stim_220,apwaveform_first_fall_tau_stim_60,apwaveform_second_ISI_stim_140,idrest_peak_frequency_stim_175,apwaveform_tau_mean_stim_180,apwaveform_first_AP_voltage_stim_180,idrest_vHold_stim_275,idrest_vHold_stim_200,idrest_AP_mean_stim_300,idrest_AP_stdev_stim_300,idrest_second_AP_voltage_stim_150,idrest_AP_mean_stim_125,idrest_AP_stdev_stim_275,idrest_vHold_stim_225,idrest_AP_stdev_stim_250,apwaveform_peak_frequency_stim_180,idrest_first_AP_voltage_stim_300,apwaveform_second_AP_voltage_stim_220,idrest_AP_stdev_wo_first_stim_300,apwaveform_tau_stdev_stim_100,idrest_AP_stdev_stim_175,idrest_peak_frequency_stim_225,idrest_first_ISI_stim_225,idrest_peak_frequency_stim_150,idrest_first_ISI_stim_275,idrest_AP_stdev_wo_first_stim_225,idrest_second_ISI_stim_300,apwaveform_vHold_stim_140,idrest_AP_mean_wo_first_stim_125,idrest_AP_stdev_wo_first_stim_200,idrest_AP_stdev_wo_first_stim_75,idrest_AP_stdev_wo_first_stim_100,idrest_peak_frequency_stim_75,apwaveform_second_AP_voltage_stim_180,idrest_peak_frequency_stim_50,idrest_first_ISI_stim_150,idrest_first_ISI_stim_175,idrest_second_ISI_stim_150,apwaveform_tau_stdev_stim_180,apwaveform_second_ISI_stim_220,apwaveform_AP_mean_stim_180,idrest_first_AP_voltage_stim_275,idrest_first_ISI_stim_200,apwaveform_AP_stdev_wo_first_stim_220,idrest_AP_mean_wo_first_stim_300,idrest_AP_stdev_wo_first_stim_250,idrest_second_AP_voltage_stim_275,apwaveform_tau_stdev_stim_220,idrest_first_ISI_stim_125,idrest_second_ISI_stim_275,apwaveform_tau_mean_stim_140,idrest_AP_mean_stim_225,apwaveform_AP_stdev_wo_first_stim_100,idrest_second_AP_voltage_stim_250,idrest_AP_stdev_wo_first_stim_275,idrest_vHold_stim_100,idrest_AP_stdev_wo_first_stim_50,idrest_vHold_stim_125,idrest_AP_mean_wo_first_stim_50,idrest_first_AP_voltage_stim_250,apwaveform_AP_mean_wo_first_stim_180,idrest_second_ISI_stim_200,idrest_vHold_stim_50,idrest_second_AP_voltage_stim_125,apwaveform_AP_mean_stim_220,idrest_AP_mean_stim_150,idrest_peak_frequency_stim_300,apwaveform_AP_mean_wo_first_stim_220,idrest_first_AP_voltage_stim_175,idrest_vHold_stim_300,idrest_AP_mean_stim_200,idrest_AP_mean_wo_first_stim_150,apwaveform_vHold_stim_100,idrest_AP_mean_wo_first_stim_75,apwaveform_tau_mean_stim_100,idrest_first_ISI_stim_250,apwaveform_tau_mean_stim_220,idrest_AP_stdev_stim_125,apwaveform_AP_mean_wo_first_stim_100,apwaveform_second_ISI_stim_180,idrest_peak_frequency_stim_125,apwaveform_second_fall_tau_stim_100,idrest_first_AP_voltage_stim_150,apwaveform_peak_frequency_stim_100,apwaveform_AP_stdev_stim_220,idrest_second_AP_voltage_stim_175,idrest_AP_stdev_wo_first_stim_125,idrest_first_AP_voltage_stim_125,apwaveform_first_fall_tau_stim_220,idrest_vHold_stim_150,idrest_AP_mean_wo_first_stim_275,apwaveform_AP_stdev_wo_first_stim_140,idrest_second_ISI_stim_250,apwaveform_vHold_stim_220,idrest_peak_frequency_stim_200,apwaveform_AP_mean_stim_140,idrest_peak_frequency_stim_100,apwaveform_tau_stdev_stim_140,idrest_peak_frequency_stim_250,apwaveform_first_AP_voltage_stim_220,idrest_AP_mean_wo_first_stim_175,idrest_first_ISI_stim_300,idrest_AP_stdev_wo_first_stim_175,apwaveform_first_fall_tau_stim_140,idrest_second_AP_voltage_stim_225,idrest_second_ISI_stim_125,apwaveform_first_fall_tau_stim_100,idrest_AP_stdev_stim_225,apwaveform_second_fall_tau_stim_220,idrest_first_AP_voltage_stim_225,idrest_second_AP_voltage_stim_200,apwaveform_tau_stdev_stim_60,apwaveform_peak_frequency_stim_60,apwaveform_peak_frequency_stim_220,apwaveform_AP_stdev_wo_first_stim_180,apwaveform_vHold_stim_180,apwaveform_AP_stdev_wo_first_stim_60,idrest_peak_frequency_stim_275,idrest_vHold_stim_250,apwaveform_first_ISI_stim_180,idrest_AP_mean_stim_250,idrest_AP_stdev_wo_first_stim_150,apwaveform_first_fall_tau_stim_180,idrest_second_ISI_stim_225,apwaveform_AP_mean_wo_first_stim_140,apwaveform_first_AP_voltage_stim_140,apwaveform_second_fall_tau_stim_60,idrest_first_AP_voltage_stim_200,idrest_AP_mean_wo_first_stim_100,idrest_vHold_stim_175,idrest_AP_stdev_stim_200,idrest_second_AP_voltage_stim_300,apwaveform_second_fall_tau_stim_180,apwaveform_first_ISI_stim_140,idrest_AP_mean_stim_175,idrest_AP_mean_wo_first_stim_200,idrest_AP_mean_wo_first_stim_225,apwaveform_peak_frequency_stim_140,apwaveform_vHold_stim_60,apwaveform_AP_mean_wo_first_stim_60,idrest_AP_mean_wo_first_stim_250,apwaveform_second_fall_tau_stim_140,idrest_vHold_stim_75,idrest_second_ISI_stim_175,apwaveform_AP_stdev_stim_180,cellType,test_type
0.5,0.003176398714471094,0.0010012416354599966,0.0005665544496755782,0.00010918445619544742,8.669647100994951e-08,0.16501766994588402,4.6464309572008195e-17,5.197338588414231e-22,4.107364188970249e-07,0.8494407104940249,0.7521925635307825,0.9727821932021073,0.0016011581576340793,3.823809560786946e-07,0.07337617529245556,0.40305454755926107,0.00035149022462828026,0.912254183425526,0.053140427283763406,6.001752785200311e-24,8.409570895039583e-09,0.4560789866353724,3.823809560786946e-07,0.023392703531201254,0.17121540843137803,1.0230053444265193e-24,1.5765012053643894e-11,2.8932345882379315e-19,3.9148860411187396e-21,0.2598801904855638,9.09156849936063e-15,0.27846307809603743,0.40305454755926107,0.6833688808397731,0.5008887458376525,0.7241160674526834,0.5049051132968212,0.4183602223616181,,7.435173809483181e-13,5.255781225158986e-12,2.4525181330855877e-22,0.059511158257820565,7.831497608275119e-24,0.4926852491777147,2.5843769446810557e-05,1.848260955377565e-08,0.04335978273692398,0.0016011581576340793,0.053140427283763406,0.09784376704199052,0.009737630981891697,2.224796917686426e-12,9.825309157462788e-17,5.731528001974236e-08,0.011873626922704467,0.6503980132724795,0.11853875464354714,0.00035149022462828026,0.2714708885577846,,0.3646550418054467,,0.04160463487613132,0.4926852491777147,2.3025453268227466e-16,0.007360646564320126,0.0019092796446764759,0.08051046365746727,0.436927756359614,4.571513068353872e-24,0.08051046365746727,0.9597882506826614,0.7112278996875869,0.01932044037475265,0.436927756359614,0.11182815003566776,0.8230440121509194,7.196019298855936e-05,2.217931783014256e-19,0.00112639682721838,5.607424453309911e-05,0.28417613241614925,2.232947784376714e-29,1.1023284464320878e-11,0.002744200514704069,0.43613528812849667,0.028281831771021296,0.04335978273692398,0.7117178534635651,5.607424453309911e-05,0.26595910238624315,2.1077810668891005e-06,0.6511409452783066,0.003176398714471094,0.00010918445619544742,2.4575859152408964e-23,0.3975596056868148,1.0342738941870265e-23,0.11090571929398621,0.014855161667425868,0.00018769645720630762,2.591333090320827e-25,0.7502879186362423,0.04024158228333522,4.910818334965333e-31,0.17121540843137803,1.983380013820372e-09,0.1965254377359197,2.8009330631444274e-19,7.017442667083913e-05,0.2598801904855638,1.9916344146686857e-06,0.15571155245986903,0.36088266024162574,0.5,0.23364068112496364,2.4541712913557553e-24,0.25739409259846396,0.3498009036119135,0.3003294682569627,5.602042346187742e-25,0.8679570501391819,5.618868969888007e-19,0.004804292151878875,0.0010012416354599966,8.046822749234731e-05,9.150307053633568e-18,0.11090571929398621,0.2721602243405781,0.30165794380793676,0.8812501246332682,0.33457667808632285,0.6350234628182859,0.6833688808397731,0.05263539162078919,1.0565113919061163e-11,3.0195703826038958e-21,0.04024158228333522,0.01932044037475265,0.011873626922704467,1.1025678394057509e-19,0.04292174928152008,0.1590280115532759,0.004804292151878875,0.001061377528817452,0.07895001858080512,7.451140904270757e-21,0.25739409259846396,L5FS,t_test
0.5,0.7297898960809175,0.8030850299859247,0.3703169858906783,0.5060933340138589,0.5183247884393727,0.3674323780422122,0.1053569577682824,0.16004810208873474,0.005304340579188704,0.19329180156941653,0.4243294044112895,0.5272276875511568,0.904478640995852,3.20803015660794e-05,0.4133093336573068,0.22389749951100107,1.850323656212747e-06,0.5782598667681806,7.69297003917231e-06,0.07611443512850911,0.0027265840278106373,0.5992197990485368,3.20803015660794e-05,0.5763299965376398,0.8007587315255983,0.2476099046426264,0.40446842335169964,0.11713108864844843,0.3545426395435072,8.273372064759433e-06,0.5536332274779674,0.8047613176086839,0.22389749951100107,0.00016487640857380302,0.4523699328194656,0.06217529758009636,0.5024704609899734,0.19420851903947686,,0.6632396518215943,0.6806629029962523,0.13380083608724555,0.16520938603017846,0.45315902942805464,0.7723817372904529,0.011274436738434755,0.5688192399592293,0.00023123604962732306,0.904478640995852,7.69297003917231e-06,0.7478851280175562,0.11692633547602867,0.039716565000829124,0.35966398778938513,0.7405211804884239,0.5894161848630083,0.3011703441075909,0.7204810789421849,1.850323656212747e-06,0.6758750632022931,,0.755302916783253,,0.0568685198838439,0.7723817372904529,0.9502282440668243,0.5123808739000121,0.22050222035020456,0.8345850193667386,0.5828189071233065,0.3841130226885582,0.8345850193667386,0.41394691416588214,0.3831221488564305,0.5204868668542031,0.5828189071233065,0.9246951219147747,0.31989538982617843,0.013418180862263904,0.34935383993851576,0.07655630031224832,0.6393948144878405,0.7096813879726351,0.7522672243413031,0.16928325526347246,0.02067890283961866,0.27047047859904866,0.5806960495231293,0.00023123604962732306,0.7313261915487712,0.6393948144878405,0.19677038054254328,0.00019708622623478955,0.6047069911647618,0.7297898960809175,0.5060933340138589,0.318997079879962,0.4131679892120028,0.20506271163893178,0.3839597198423589,0.7076646069404753,0.7214659687762457,0.2873392208425134,0.1633487370456434,0.9163183543009286,0.6756204122547129,0.8007587315255983,0.8724881481704779,0.630462960243727,0.00011776514129688173,0.0018081222429874005,8.273372064759433e-06,0.005362262170866166,0.12201723884433281,0.5980071259860712,0.5,0.3391680575713042,0.1315209147584759,8.79847921355825e-07,0.5787547093274843,0.3286855244838902,0.33433838240303393,0.6318317436230032,0.180160743785211,0.6485253217277309,0.8030850299859247,1.9235981949643888e-11,0.17368363384593677,0.3839597198423589,0.470864718203009,0.5075493655999128,0.3005941588828826,0.7568531990929483,0.18693731883328307,0.00016487640857380302,0.7813170507059921,0.003006699164305625,0.7208224194671403,0.9163183543009286,0.5204868668542031,0.5894161848630083,0.02484402535490144,0.6280103774748939,0.3998638629133804,0.6485253217277309,0.03528906421448962,0.5537659510047176,0.35727722414498,8.79847921355825e-07,L2IN,t_test
0.5,0.00019960894713556054,0.8174378019179187,0.6604637421083137,0.08940063214208574,0.6089933500675441,0.1650459813520487,0.022143017763388093,3.465693438775067e-11,0.01392617306705259,3.10043359299469e-05,0.15084871680314205,0.0884156130778973,0.00010897945347156375,4.703237766436645e-06,0.023060253401443763,0.02294106336155588,0.0005616554567056971,0.11055657373053956,0.034007135053628,8.882206885084215e-13,0.3359805723917685,0.0018616021381411552,4.703237766436645e-06,0.8660227290368916,0.8558719703479387,3.58972070377389e-10,0.31187861435739334,1.965664874650286e-11,0.006992310060471042,0.5238249081525717,0.00032970595954937313,0.0704142164608916,0.02294106336155588,0.7203836083940751,0.07226802141465982,0.004732303627275101,0.03034750767845441,0.38056888789412346,,0.0034405839826154986,0.033126072056356946,0.005600584901516263,0.1485536561896216,0.0006177575853313343,0.02724904342913707,0.059371260233384696,0.5206669290506722,0.0001533650188768312,0.00010897945347156375,0.034007135053628,0.0008837736564764533,0.13206314915269832,0.00021593481431214927,4.153268631238716e-05,0.4986693096083241,0.0008553269533878664,0.04141694605278929,0.0007917542312277458,0.0005616554567056971,0.0669626539165932,,0.09140729168538994,,0.001544088835405385,0.02724904342913707,0.005488680606758838,0.28180247390554525,0.2141597418904033,0.00023644459170428714,0.004119331451320437,2.1608795625811598e-08,0.00023644459170428714,7.260969644896986e-05,0.2135668847545635,0.001402585544564178,0.004119331451320437,0.08570133710952212,0.021925731281474802,0.3053163566664546,0.038736683427569495,0.4040732396042521,0.6332248398305882,0.34373367250619336,9.424067370788293e-05,9.836965917428771e-12,0.37939350202962085,0.00013422237900003383,0.01697421541755183,0.0001533650188768312,0.0032271105568619208,0.6332248398305882,0.00010445806850637965,0.0015312058090854413,0.13654299696281513,0.00019960894713556054,0.08940063214208574,2.2410783086779683e-05,0.0800925469861301,1.1851872849293526e-10,0.34018427347256197,0.00010530959837360355,0.45777646511222414,1.293522527051777e-09,7.963664898398122e-06,0.0018294164851814568,0.0005139388613332878,0.8558719703479387,0.5405391725867246,0.0017814536670228878,0.00016937173695125878,0.22790616462158464,0.5238249081525717,0.7201183771461526,0.0002981966704354057,0.004358239837052146,0.5,0.2336870992172022,4.178068836994043e-12,0.13479129604280377,0.04996517872496668,0.30038803593210905,5.127784553572506e-09,0.10619433468665004,0.02189365612334181,0.00040171128066916783,0.8174378019179187,0.0027690641699447405,0.0019360064696047953,0.34018427347256197,9.365028789353559e-05,0.30171670258601285,3.209509321152945e-05,0.19648838604785698,0.23332574060361846,0.7203836083940751,0.0003791238066415214,0.04001078915640407,0.007106260410098564,0.0018294164851814568,0.001402585544564178,0.0008553269533878664,1.5872409894541681e-12,0.15442579009249977,0.15905446318427807,0.00040171128066916783,0.40660820830080646,0.15813687757650044,0.006748240711008636,0.13479129604280377,L5PC,t_test
0.5,0.01963777117005519,0.2433739216001693,0.002303624781412329,0.30489702955207154,0.754025827060308,0.4013630866886574,0.17675115719978923,3.2585297259079373e-15,0.07976489240856578,0.02468900581729043,0.9308964608992862,0.846621606302062,0.02788641294374802,0.41347265902181995,0.0009825417799273696,0.00018752631762264437,0.3431443015960154,0.9153561037736015,0.2656773963698499,1.7781370506049823e-16,0.000896196598620594,0.006833504452337805,0.41347265902181995,0.024134545363408064,0.4881965353515505,4.2698153875564716e-14,0.6201611338631554,4.960202814299589e-15,0.8498357183489621,0.4089894599666465,0.5966522319844481,0.8600499003582851,0.00018752631762264437,0.9790091195569383,0.08945882613781964,0.7399714037414937,0.6426234976970057,0.021776871846043294,,0.47081432992824435,0.6117500297434285,0.14747552184264673,0.05445935856903323,0.45964149775596974,0.023758972521228317,0.002344550679604159,0.9463304330130828,0.94704489999356,0.02788641294374802,0.2656773963698499,0.0035072195323177465,0.15628277565141624,0.5936143019774998,0.8289753322292608,0.2148345176481255,0.020564706722028606,0.27364657676998605,0.004125544986479563,0.3431443015960154,0.48585311436007617,,0.7384941847265676,,0.006578751321644743,0.023758972521228317,0.6581235975011399,0.8581166931724415,0.00013775947227631579,0.011686105333590407,0.0018099491096645287,1.2590325688956068e-14,0.011686105333590407,0.023363857856863988,0.8738813730064657,0.020705306583471472,0.0018099491096645287,0.6082935722637952,0.5265202030751672,0.6393725502817044,0.6942297179028258,0.5831186851631287,0.09158679835247341,0.511961127738332,0.145011774808686,2.422183922683916e-13,0.004515344612299452,0.013183803718765482,0.7523575569754402,0.94704489999356,0.00964301755119368,0.09158679835247341,0.006515844971487597,0.05238214047072695,0.9195948343035242,0.01963777117005519,0.30489702955207154,0.8602316083789037,0.7129133614626036,1.302138291103775e-15,0.0018507939568666277,2.6846999363864933e-05,0.39840493070741945,2.9490703487831533e-13,0.01935738103418667,0.024324463516293218,0.2219591634320831,0.4881965353515505,0.4139168651043428,0.006109353742046039,0.3507760580775867,0.3844499673530267,0.4089894599666465,0.9581487196991254,0.010569211552778924,0.0068429156637041175,0.5,0.5965000111195469,5.449969873866254e-15,0.29281345206125686,0.6583113460489443,0.5898113051300506,4.2870864521188206e-13,0.9253252244577723,0.21862916043377845,0.023382126308447944,0.2433739216001693,0.11322184048937227,0.7102795394905916,0.0018507939568666277,0.01687601043002624,0.3302756970746319,0.01910748166073693,0.004487394116039469,0.6768941817018495,0.9790091195569383,0.003287515176884473,0.4934281742291562,0.18454481235729872,0.024324463516293218,0.020705306583471472,0.020564706722028606,1.5052155651432266e-17,0.7962760450559001,0.3692435708971066,0.023382126308447944,0.40130537188690885,0.49403681100117547,0.1916270941451277,0.29281345206125686,L2PC,t_test
0.5,0.051657592919054855,0.7047460245170974,0.2733007499989908,0.6708056069249824,0.8632748034472063,0.16502217655835447,0.01344658713415064,0.7785729951496877,0.10595138126143906,0.00011984220516810521,0.9472103720254075,0.7090777261839047,0.07229560725306106,2.9448182411849197e-06,0.019794864062615297,0.036777879862252866,0.0001276290130965652,0.656651004231277,0.000878008542290234,0.6453324254254085,0.001231074271813018,0.0006601100956164768,2.9448182411849197e-06,0.02414330421477944,0.7860306657116938,0.8739515779053451,0.6388878620605337,0.7354334218926458,0.0004131061531085657,0.003160154272479323,0.7238040316382389,0.03149329918911336,0.036777879862252866,0.0013989571583155633,0.5142303227089102,0.858113804279408,0.9747437289752501,0.005486729058497287,,0.00024093471620717833,0.7287497062411852,0.0001786684118127497,0.007211626839182469,0.02521377473686979,0.00013236402659680993,0.004516178806621659,0.5170505145326485,0.16083885067373557,0.07229560725306106,0.000878008542290234,0.00046362390791034356,0.00879177518867204,0.3456516747466153,0.7381663785910635,4.534152872641972e-05,0.016005063425738736,0.12010975155292744,0.0005534386670435256,0.0001276290130965652,0.5868760574397707,,0.7894137265880146,,0.004877433306389939,0.00013236402659680993,0.7892247861313568,0.7646193020918827,0.28965367241954976,0.0009057411426856318,0.002496766426449133,0.9050282512682633,0.0009057411426856318,0.00013310185836932004,0.7678169039301912,0.006728399067839735,0.002496766426449133,0.011567630729442332,0.7709887115137977,0.05549574151774256,0.9107592690566402,0.14903481403962063,0.3026857334704937,0.049564669446877124,0.038597135406023886,0.5490346015993457,0.002826294098795666,0.0002294148585258321,0.7028146836183224,0.16083885067373557,0.0006711008122114064,0.3026857334704937,0.0009225358103516991,0.0007798460915802128,0.6196463775908906,0.051657592919054855,0.6708056069249824,0.9453393177889948,0.8203298083156586,0.8247399744040085,0.00576009887947332,0.37646594006528145,0.007060715228060801,0.8986937559325116,0.0002867142230672873,0.001295921268739001,1.2344643823124268e-05,0.7860306657116938,2.3259379122809646e-06,0.0003676832727181045,0.1479396831625804,0.008419985556794447,0.003160154272479323,0.8434715485887125,0.006337105445962696,0.0002568499628979055,0.5,0.23364806939906443,0.6777162483729753,0.23178653443272565,0.2819329867931307,0.30033879031558813,0.9238526034717374,0.7603428417701701,0.036714637961388887,0.03203230457536989,0.7047460245170974,0.016559950608048636,0.9167088460153578,0.00576009887947332,0.0033311543983517654,0.3016672962851523,0.00014029469686547362,0.8714837943473952,0.922087802088655,0.0013989571583155633,0.0011911937690325578,0.5349108896313166,0.08795530877599829,0.001295921268739001,0.006728399067839735,0.016005063425738736,0.6935493655382834,0.015307599103872466,0.15903222219920296,0.03203230457536989,0.009159791924840796,0.5036960904788086,5.0842660607023225e-05,0.23178653443272565,L5IN,t_test
0.5,0.03181996090231492,0.9289609895481603,0.046212068094404805,0.4016894466939138,0.10669306507369983,0.16506940477894277,0.007080662154776079,2.7199279733002148e-17,0.9400248201261913,0.000538207869620218,0.3266737494340721,0.5580791157072688,0.03437757503771347,0.10340718470527811,0.12887799379545076,0.025296022023001262,0.2393820637619065,0.5171650604468434,0.9038541536378732,1.4413110139118077e-19,3.875970678503768e-08,0.0018353283588757683,0.10340718470527811,0.05895930633387006,0.16893672109986996,1.6578535651310556e-17,0.021231315682797465,1.5525175119320597e-16,0.0012670882719745336,0.7593799392965797,0.013263149370742931,0.026741979424435458,0.025296022023001262,0.8053424240557752,0.07226426342716213,0.7636743477047686,0.03033254809038217,0.019832916505621873,,0.055558460172049996,0.04957649800119812,4.5175435248942025e-05,0.3537598576015414,0.0055197128113421085,0.009273024973592019,8.603734448044954e-07,0.06252780776954946,0.36224027516614155,0.03437757503771347,0.9038541536378732,0.01852956519258017,0.28467183443024296,0.11491509779503119,0.0011163460635654758,0.2186911921105041,0.015557073873176317,0.05401819347890741,0.009546596256715273,0.2393820637619065,0.11968125558236332,,0.389775959976308,,4.093841338720947e-05,0.009273024973592019,0.004363788844955807,1.7419571271130438e-05,0.03364820792283998,0.005092978509192431,0.11926446245395186,1.570835448861322e-16,0.005092978509192431,0.0001283260843514535,0.3943427028876485,0.010808934272297541,0.11926446245395186,0.0009541302184591995,0.02190983386195705,0.9019089116451026,0.003036704909500679,0.18550491519196627,0.2321356016393709,0.03512413018895374,0.0017379718766344931,6.073318761857084e-14,0.21363820910252526,0.0012090078687140664,0.01118617999870289,0.36224027516614155,0.00951258066473689,0.2321356016393709,0.01358949627834853,0.5244617215046845,0.86345869486173,0.03181996090231492,0.4016894466939138,0.00049830592222123,0.47846160565230933,2.3783888127360322e-17,0.017362368909769426,3.316425144643072e-05,0.1612813556307919,2.1993479357747772e-17,0.0011747821462416684,0.021166332714504927,0.0004922500442045407,0.16893672109986996,0.24999723668014834,0.004505107785868202,0.01014110406177864,0.32803522466328494,0.7593799392965797,0.8755289719767569,4.6754035876213e-05,0.0035800891920632627,0.5,0.23372550956037208,1.4333387436925555e-19,0.6028075801632982,0.14522949200257618,0.3004365003442337,4.6641440180777446e-17,0.43823161122023757,0.08343961614232423,0.022138564089469088,0.9289609895481603,0.5369072969937472,0.006679666166079936,0.017362368909769426,0.0078771726583224,0.3017653251205487,9.826925225167723e-05,0.44954934891176224,0.7906558201367573,0.8053424240557752,0.023712061986208642,0.10167760303792504,0.03338929150074333,0.021166332714504927,0.010808934272297541,0.015557073873176317,2.290169999477705e-17,9.417124960292034e-05,0.15907634710577243,0.022138564089469088,0.37410865905365953,0.051437793971729276,0.0002709126756624764,0.6028075801632982,Amygdala,t_test
0.5,3.161515716872353e-12,0.949748388728377,6.068754023282588e-26,2.359782319646432e-10,0.0006599735787241685,0.16503860807177412,0.2453519819081937,0.00014934560790232781,0.07597204403996843,2.442288777242783e-17,8.104630386888563e-08,1.5561157931420686e-06,2.4453622186437325e-13,3.020403316198581e-05,2.905752444305703e-10,5.726516489221452e-26,1.4845243322067896e-05,6.912998346146696e-07,1.1041933401173345e-06,0.1453987645452917,3.658607350295814e-08,1.137078999046932e-16,3.020403316198581e-05,0.1311407892855463,0.0018174300900432282,1.765291358449022e-05,0.03217729609229228,0.00034910573866788397,0.026363054369033426,9.456314026217943e-07,0.010372311801322653,0.0004744554861418776,5.726516489221452e-26,4.772220970751767e-07,0.13684602809025886,0.0018604998099777754,0.9740244501828028,1.3381688668942444e-18,,1.0436047739875438e-09,0.0002556956613858442,2.659255843161847e-13,0.8048030600145776,0.0001576732610009986,2.718248467642283e-20,5.101707677939924e-11,0.004545784578844801,0.20444545581519408,2.4453622186437325e-13,1.1041933401173345e-06,9.286488569368778e-21,0.18559946736338437,6.294025852758096e-08,9.792885245344684e-08,0.060509586816947264,3.2659471843495904e-12,0.0013921142643730036,5.01672559234486e-20,1.4845243322067896e-05,0.0035506236373891347,,0.004968769245067186,,1.0420394934838553e-15,2.718248467642283e-20,8.695757916980412e-10,3.310950374964294e-11,3.0247179252397446e-15,9.000542435719969e-19,1.1003338689662744e-18,8.845524772657027e-07,9.000542435719969e-19,1.6654500402152594e-17,1.752684350937864e-08,2.0619858051420433e-12,1.1003338689662744e-18,5.940327686632675e-05,0.7116136129538675,0.7674404509927711,0.0024606176578524674,0.0653476933881743,0.024812205022007677,0.3927861400560392,6.874722388050997e-08,0.0022755509978382707,0.14559358742855302,6.859429243646105e-18,0.04578131007592347,0.20444545581519408,1.402832717045359e-19,0.024812205022007677,2.4241804232230285e-19,0.9238662661750793,0.00049507523261548,3.161515716872353e-12,2.359782319646432e-10,0.006702574983614867,0.0001205965633690703,5.3971627095875684e-05,1.87051864233824e-26,0.18025432805304484,0.10933560389527047,5.331671682825142e-06,6.398582398144073e-19,7.767878116285432e-14,0.0013417607865177364,0.0018174300900432282,0.293563851121368,2.664993600040797e-19,4.7510224384638085e-05,0.30137506249141466,9.456314026217943e-07,0.2721675590743751,3.89600537877298e-17,1.196902156692957e-19,0.5,0.233675009512958,0.08003549781965359,0.00026711697651153247,0.00028679192137914464,0.30037278178193993,1.8343796160177287e-06,1.329448966145191e-07,4.707324201343891e-05,3.2935779321915618e-12,0.949748388728377,0.446438067948588,0.0031594642814356698,1.87051864233824e-26,3.964172491431889e-17,0.30170139866423945,2.741275319961442e-18,0.0009319667493680981,2.3290999540766283e-05,4.772220970751767e-07,1.0575973295095773e-21,0.43573554637644907,0.0002449998139508961,7.767878116285432e-14,2.0619858051420433e-12,3.2659471843495904e-12,0.09040973807847415,5.750071130719247e-05,0.15904757435908162,3.2935779321915618e-12,0.11889205195550827,5.810502694903453e-07,3.395112452879806e-13,0.00026711697651153247,CA1PC,t_test
0.5,0.001564358420007612,0.3488858207505404,0.7985655213260399,0.00011719399795883253,9.464886257663456e-16,0.5930418614213933,0.050083928468971604,6.662148723639957e-20,2.89493276737807e-12,0.6279511777665545,0.4811608315846354,0.7303016005809304,0.0007799492814467452,2.297751795421077e-09,0.7662210461508308,0.3010505236694281,0.00011719496429799065,0.671084221109324,0.06065523828455678,6.439094434336155e-20,2.1610374870279256e-09,0.3399636028865728,2.297751795421077e-09,0.4974846728653515,0.9025805356525342,7.129551770290016e-20,5.231119104507004e-18,7.463739114828852e-20,1.3307913983658214e-18,0.25258822004155834,9.413856933348496e-19,0.06416668322714392,0.3010505236694281,0.70602612238493,0.7667593861232098,0.49718283334416136,0.7594640404548318,0.6173490113047668,1.0,1.1834856475309476e-11,1.9973648747305664e-16,1.6344352067461485e-12,1.542803309726454e-10,1.551008643196791e-17,0.20090495458153634,3.0238181450970417e-05,1.3480436996543355e-17,0.023470444902118318,0.0007799492814467452,0.06065523828455678,0.06345123781608959,4.732513416836384e-11,4.275640243350618e-06,1.4544731415204607e-18,4.1434043432069956e-18,0.0070315718897978035,0.4308266659858433,0.07530894348935156,0.00011719496429799065,0.16562740280028687,1.0,0.27280616129086377,1.0,0.30339638440782113,0.20090495458153634,3.4485315031670268e-18,0.005389618007328357,0.5681511947235502,0.05600813479753523,0.10550999023263072,9.628587543317367e-20,0.05600813479753523,0.6279511777665545,0.41975011407672547,0.011149718631503073,0.10550999023263072,0.008220251716989122,0.7887673720951802,7.24598776465797e-07,3.0193633691162785e-18,7.877566816645227e-12,0.0008688651454625836,0.3219635808103901,2.954940275132419e-13,2.299219595619029e-18,0.44134155272891606,1.0,0.5627148715804811,0.023470444902118318,0.3698339146315186,0.0008688651454625836,0.9382744443976611,1.1034489507604462e-07,0.5894945980316512,0.001564358420007612,0.00011719399795883253,7.359733054239233e-19,0.06822135402761323,6.659988216324111e-20,0.9740940047215686,0.008992004610597345,1.3997960407579469e-08,7.638894177029101e-20,0.406913729420062,0.024563263779061397,1.1897146395619558e-18,0.9025805356525342,1.8512324964653306e-10,0.12264505622222616,3.787101988275061e-07,0.055102195257870204,0.25258822004155834,3.6603887307836123e-17,0.6103368913307994,0.23639190387649522,0.5,0.5930418614213933,7.12741723866643e-20,0.028651346843876064,0.06598435484450398,0.5930418614213933,7.828106846928238e-20,0.5656020314456527,5.36791383986286e-13,0.0027660507502981265,0.3488858207505404,8.590624400913937e-08,1.757478331227763e-18,0.9740940047215686,0.9184247544686371,0.5930418614213933,0.6191166940118757,0.3426421691442162,0.968118604647638,0.70602612238493,0.03129678619056059,3.5719744184913165e-15,4.8793957964239415e-06,0.024563263779061397,0.011149718631503073,0.0070315718897978035,7.05976955653527e-20,0.0031507007359989642,0.5930418614213933,0.0027660507502981265,3.926055360029728e-08,0.06065528328528297,3.987848165783322e-16,0.028651346843876064,L5FS,mann_whitney
1.0,0.6045604798473858,0.0006536919419110691,0.5336666606233428,0.03536783375247556,0.02793773758555266,0.06723765326928598,0.18033430292233998,0.7716017639548476,0.2265940751626785,0.22518050839442538,0.2890369104997139,0.38908825062120556,0.8146769020368775,0.0001175429543489328,0.8379967468061601,0.296534579652873,1.5035672110055617e-05,0.4058092478833396,5.053316730811835e-06,0.6197066762712127,0.029023927655927557,0.410442867862129,0.0001175429543489328,0.5502791158377983,0.0009369293446825566,0.9652145422027298,0.08847625979997335,0.4050144095694028,0.14478806631317198,2.0278931596726415e-06,0.22989607705732462,0.44537250716995225,0.296534579652873,9.230276301154915e-06,0.06692284174200787,0.29012598122857336,0.06692284174200787,0.4135396840487461,1.0,0.8316109797620592,0.36120860677490796,0.06832494828141822,0.9419578882791129,0.8157330138759189,0.8189110714810687,0.059284579448003805,0.10055780929828735,5.855483763554423e-07,0.8146769020368775,5.053316730811835e-06,0.5633886917695543,0.4422699423976424,0.13231740716230744,0.2853251668614868,0.7093607339608414,0.3996797401701584,0.43257446346663886,0.4904691470104041,1.5035672110055617e-05,0.7518786830857898,1.0,0.7789166801915082,1.0,0.12898202014470436,0.8189110714810687,0.9326645771972814,0.3132378089019958,0.3102346978736741,0.9869525608771202,0.9467600678230044,0.5051425862495971,0.9869525608771202,0.5008139772811242,0.2200124769932038,0.37572420046129174,0.9467600678230044,0.516545526570097,0.06692284174200787,0.13465919860713246,0.10312028852345244,0.31563767027906553,0.01597856641438534,0.579347211552514,0.9804238549651094,0.6826273547262971,0.7470103848460876,0.3691490729337126,0.7898710715979311,5.855483763554423e-07,0.9099431196250436,0.01597856641438534,0.25344809997584583,0.819241474261962,0.4058092478833396,0.6045604798473858,0.03536783375247556,0.44050385755689137,0.40735033218897276,0.9218343740135826,0.3713330408640515,0.8774341304907184,0.11426475391782619,0.8615165061772045,0.20795748939330916,0.8125618373695376,0.17597056353297236,0.0009369293446825566,0.8083123771615461,0.47180590923326815,0.08376697942856264,0.2582749287462277,2.0278931596726415e-06,0.028426787397923464,0.21392369348270512,0.43568181562788777,1.0,0.06723765326928598,0.6966247169581264,9.296169890353455e-07,0.8380285655562696,0.06723765326928598,0.6489781634700265,0.45026351687143595,0.014990704456046661,0.4634538051611492,0.0006536919419110691,0.8549075908181806,0.6926884723630722,0.3713330408640515,0.2489489475491874,0.06996453870651217,0.39059070449487143,0.8136652551397663,0.08062451862724837,9.230276301154915e-06,0.5819353023061281,0.05066422189069732,0.9771325372445377,0.8125618373695376,0.37572420046129174,0.3996797401701584,0.3939595366912212,0.6687163127875919,0.06996453870651217,0.4634538051611492,0.008959568003682014,0.49735297700864656,0.39056529017372843,9.296169890353455e-07,L2IN,mann_whitney
0.5,0.000879523882966418,0.11544211184907172,0.2915113459833042,0.016753552166414217,0.00032888534114453553,0.5195404566773763,0.1879660019332886,0.010724327494838102,2.0096778981166726e-07,0.0002908864235020124,0.06802621655793951,0.05924191375545066,0.0004966185174285459,0.04859371030572743,0.007063950645317511,0.008385509275914258,0.3289772747487455,0.0827955939912875,0.8724892706506986,0.00030423026823763106,0.03773959770066054,0.011458905103817647,0.04859371030572743,0.17830266161074826,0.08798772513408921,0.010927709053330941,1.581610019147654e-05,0.007552714513285574,1.803097771702556e-06,0.464088022745728,4.3043260399240615e-12,0.004030546331820525,0.008385509275914258,0.22573234422047928,0.25734789990118656,0.05521891381931331,0.25734789990118656,0.03170807720605039,1.0,2.1452052628422865e-08,7.978909710591083e-07,5.9422165849199e-07,0.13955882318974433,6.589960388752695e-09,0.011316167153058422,0.011035419043305164,9.90603725761357e-06,3.3752363312834906e-05,0.0004966185174285459,0.8724892706506986,0.006237050559800026,0.0006855542935186413,1.0526595124564116e-06,4.5804976406674494e-12,6.76774605736568e-05,0.0031724584988417075,0.032325837185258964,0.006578454913354437,0.3289772747487455,0.03136400335521926,1.0,0.03442589557825085,1.0,0.0009076870073565072,0.011316167153058422,7.413839430146261e-09,0.3399875529547486,0.014949531746240616,0.0017962438050918728,0.00619543507263285,0.0212725292587788,0.0017962438050918728,0.0005660179037343808,0.10327952447947217,0.004472155127465948,0.00619543507263285,0.00972247060124317,0.25734789990118656,0.1712392380011184,5.115757332461911e-06,4.6990153933060497e-07,0.25292230393762916,0.10954440534261713,1.252116281564055e-06,0.000222601893583991,0.26642182376602497,0.0012582173497152067,0.4514657720187647,3.3752363312834906e-05,0.018537744108717846,0.25292230393762916,0.0032636570340733853,2.0403689123637937e-08,0.08163336414235471,0.000879523882966418,0.016753552166414217,1.1878371476529683e-11,0.01842856129326554,0.012578013655243693,0.15424683570022824,0.11437711734117907,0.5620802253221179,0.011205883450933153,0.0001014426687493557,0.006195516127865077,2.6206355976744083e-06,0.08798772513408921,2.437665828120105e-06,0.01096620620232814,2.410665682695776e-06,0.11292708573172668,0.464088022745728,1.580330814348108e-08,0.0005523538373565794,0.019548260735689032,0.5,0.5195404566773763,0.00010000094845062741,5.84380446762332e-05,0.005025322201450352,0.5195404566773763,0.009235033654782007,0.0574875604957715,0.0004863773475017479,0.0018924330540255729,0.11544211184907172,1.3119054453297355e-08,1.7107634170088662e-09,0.15424683570022824,0.0012014679546655928,0.5195404566773763,0.0002389217032727047,0.46333846515335264,0.11956438258364285,0.22573234422047928,0.004534238369052914,1.955249596980395e-06,0.02058430424781836,0.006195516127865077,0.004472155127465948,0.0031724584988417075,8.769491817395912e-05,0.022094668289374758,0.5195404566773763,0.0018924330540255729,0.010570031955248508,0.09386975389819421,2.6724645183807508e-08,5.84380446762332e-05,L5PC,mann_whitney
1.0,0.0318450321506736,0.325699991960668,0.0004216863277966015,0.5632396668675834,0.29508099594934023,0.03711692886869361,0.0023377030482093415,1.0296690766182213e-05,0.010113855423251562,0.013104224536351381,0.6768806675884074,0.6551666786658156,0.05570406808239799,0.3006280170549138,6.354326776161554e-05,2.3213537271948773e-05,0.36459977057736404,0.840197858906101,0.1793445369148683,0.00026784564948282815,0.0009687966698019498,0.0022998334528853124,0.3006280170549138,0.3568055136344864,0.6856432713384812,0.00015183745473168914,0.41562089379875533,4.689192156916417e-06,0.36617427402400615,0.16526347480320025,0.23504544606407807,0.3806157417188485,2.3213537271948773e-05,0.7390738000182446,0.49237288614192554,0.12677714089270706,0.4780612257626834,0.005541699079192341,1.0,0.6241257126762003,0.3345977857057403,0.38039845703386554,0.007751891283755367,0.045179112657696884,0.019567037633257112,0.0017003372243524326,0.3256964422967066,0.8659692869239283,0.05570406808239799,0.1793445369148683,0.0011717696845359588,0.016800505947142184,0.2679996793921534,0.19021611936544536,0.03312687638436402,0.027587104791975535,0.2709871737085019,0.0013988866199971528,0.36459977057736404,0.2735899407905156,1.0,0.5353515905350104,1.0,0.0038869657143456244,0.019567037633257112,0.20636359096139623,0.6465607918162994,3.89908089475054e-05,0.006954931064277752,0.0003260323347992983,8.480395056595508e-06,0.006954931064277752,0.018799427626470747,0.8169162465284306,0.02716886866668938,0.0003260323347992983,0.28419884993869227,0.4709915906969534,0.9412400518765891,0.5148928428693745,0.011187010404692102,0.37576153219887165,0.4117028117268058,0.13437116109774996,1.3895083961203227e-06,0.7654617508517049,0.009190113241452236,0.12078226677935758,0.8659692869239283,0.006184541010222229,0.37576153219887165,0.00258946339348675,0.003432577692356557,0.6063411313235791,0.0318450321506736,0.5632396668675834,0.23095031286945733,0.8238847763969395,9.675214401097805e-06,0.0004455306700784982,0.006470154583928419,0.59103105079451,0.0002570699280779756,0.007208713032346899,0.035593465173555966,0.07001381537029897,0.6856432713384812,0.09169532695069428,0.002969905701048911,0.22282884663121472,0.05794752353062159,0.16526347480320025,0.07976736642437099,0.00802067299403557,0.0038869657143456244,1.0,0.03711692886869361,0.0013233378235028607,0.6900405971242527,0.7390738439387587,0.03711692886869361,0.00027730002192635696,0.7662887159263226,0.07873976938393498,0.03612062821233805,0.325699991960668,0.009016263738509578,0.22979125097511055,0.0004455306700784982,0.007810318829437037,0.035366197435675865,0.013325496285457332,0.009315612227283195,0.6725155970065877,0.7390738000182446,0.0012347543775716855,0.014477234565304758,0.6524917685464597,0.035593465173555966,0.02716886866668938,0.027587104791975535,4.198207471064566e-06,0.2645319236561855,0.035366197435675865,0.03612062821233805,0.4836611433553094,0.5835798736084199,0.05962288531330276,0.6900405971242527,L2PC,mann_whitney
0.5,0.012773013136233953,0.0014023318731616289,0.0014311429654014875,0.07530567169093433,0.7147632437125736,0.58003160599876,0.9682226520682491,0.0008549173617374864,1.771460953631208e-05,1.7244687672768613e-05,0.5936327957395606,0.4327281444849871,0.01984681069245991,9.55520652396736e-06,4.960700298072501e-05,0.0017286157427851433,2.9980775240136986e-05,0.3924468768832722,4.209920607447416e-05,0.011763640121313264,4.531837197864054e-06,5.8169259412314734e-05,9.55520652396736e-06,0.6786650085454989,2.903299358926652e-05,0.0009998408418964747,0.19701204121861693,0.001596352482980394,0.02096803151012757,6.448905400275795e-05,0.009598097359078047,0.0773262986686921,0.0017286157427851433,8.061351968786947e-06,0.8082816092650318,0.7941967323543458,0.837327042025298,1.5101843861049846e-05,1.0,0.6208139112101108,0.4722926864532879,0.1951286515499665,0.0001560418302893372,0.07834971959032506,4.375917772232186e-06,6.714896393009092e-06,0.3538893650789592,0.021310900238742787,0.01984681069245991,4.209920607447416e-05,4.926223740661989e-05,4.884180774468806e-05,0.8575721489356007,0.014583085013580518,4.680912837990749e-05,0.003947811271549023,0.08687646821583073,5.18964721760583e-05,2.9980775240136986e-05,0.8245353617602964,1.0,0.8856981940456523,1.0,2.2170214749153623e-05,4.375917772232186e-06,0.09344386985810982,0.9281695573787709,0.0005527677699504227,8.582185092995006e-05,0.00018949570456305292,0.001900541782124245,8.582185092995006e-05,1.4136757092828808e-05,0.45300076660763866,0.0018624865101830711,0.00018949570456305292,0.04899459046877301,0.830043218099026,0.43493791430914386,0.07273772206290578,4.582334413565162e-05,0.025308022665583248,0.06907964597603093,0.20071210909628778,0.001146727046252309,0.4036839328019932,1.579002492704629e-05,0.11393901241672219,0.021310900238742787,1.6053453577591546e-05,0.025308022665583248,2.470163352418229e-05,0.07982973731810943,0.31782473866546046,0.012773013136233953,0.07530567169093433,0.017406749223279044,0.7943250636541471,0.000858630217347976,0.0003290246043385697,0.01605773586211897,0.010435941846665494,0.0008851698793766404,2.1459106558009543e-05,0.0003169343591161167,0.004463653866274003,2.903299358926652e-05,0.015638506283816658,4.3906159369549265e-05,0.1974020627477283,0.07663164882112057,6.448905400275795e-05,0.0009537815827207036,1.6142685422351938e-05,2.2170214749153623e-05,0.5,0.58003160599876,0.01647415469259614,0.49511144319827405,0.5489309880673493,0.58003160599876,0.001244887869912815,0.376466523167997,0.904002937048263,0.008029168991797201,0.0014023318731616289,0.09182073816578919,0.055174514832295685,0.0003290246043385697,5.150276547097931e-06,0.58003160599876,1.6321568252908035e-05,0.9559927129750002,0.6329768750539064,8.061351968786947e-06,0.00011370656878343527,0.00019027860097773266,0.4905748996448741,0.0003169343591161167,0.0018624865101830711,0.003947811271549023,0.011055846548969003,0.08409014963396841,0.58003160599876,0.008029168991797201,0.010886757837925403,0.9825054637409028,0.04558653076804807,0.49511144319827405,L5IN,mann_whitney
0.5,0.0025808992463825513,0.318410603691786,0.0021341899056294905,0.6160701476194275,1.2086679017148259e-07,0.47012795068843705,0.5764845754733027,5.5436553989642815e-15,0.0002640978615510608,0.00020983529201602826,0.6408123619461639,0.7143108061376989,0.0020747495316087074,0.6930020199476392,0.002830464401974704,0.004076091987019854,0.9975455179062427,0.8656446167655892,0.5623470286455146,1.0102534531723231e-13,9.659368644318237e-06,0.0004311463683156382,0.6930020199476392,0.7203740226432764,0.6349532877692777,1.153471117022886e-16,2.7744902622868338e-09,1.6363950548117037e-12,8.562798918472885e-10,0.6930020199476392,1.7078773011221458e-09,0.00827983168651895,0.004076091987019854,0.9207689516025306,0.2045654653300072,0.8286669078322908,0.2045654653300072,0.00035205013842936115,1.0,4.226524385718122e-06,4.381857304545762e-08,7.942117091922557e-08,0.0003904829677639108,3.8340842361851424e-08,0.0009640696174946518,2.27551787242454e-05,1.774621893248174e-08,0.2478277999831715,0.0020747495316087074,0.5623470286455146,0.002633721353384694,1.1843831261854116e-05,0.0030702803608125408,1.732902174289276e-10,1.2306048268845257e-05,0.0020605110165716886,0.019415373706998033,0.0015484168754100326,0.9975455179062427,0.07830011480843072,1.0,0.45722440688827015,1.0,0.00010571313861281596,0.0009640696174946518,5.175373605357571e-11,2.0062572597712763e-06,0.004010069375119939,0.0009226382979320988,0.014542934620620236,2.2314022923244632e-14,0.0009226382979320988,5.002453618230928e-05,0.627661640068905,0.0017445618679523315,0.014542934620620236,9.71515592860236e-05,0.2045654653300072,0.0029176169253529575,1.402426501835824e-09,0.00029389401102667366,0.2885473738680572,0.014288107026293734,5.874551688134336e-05,1.980629825217e-09,0.21257877656025592,7.652570019173263e-05,0.2521625408532746,0.2478277999831715,0.000999886532549234,0.2885473738680572,0.00028681753774430316,0.11757090488026477,0.9533913140435993,0.0025808992463825513,0.6160701476194275,1.8040080399249956e-10,0.34287101815397714,1.238326787569301e-15,0.002494997879802315,0.02477249570629209,0.10951193867937298,1.4675213460830429e-16,0.0003281181176805725,0.003507580833611521,2.6545358429427503e-09,0.6349532877692777,2.2805579555406693e-05,0.0009091986725047266,0.02027117197303846,0.0005546357766646428,0.6930020199476392,4.4615390990014684e-07,5.3188241891157366e-05,0.0007446566447044156,0.5,0.47012795068843705,1.9894746846799528e-13,0.6481676318952401,0.12578352648674068,0.47012795068843705,7.37514046108766e-16,0.8063992115762995,6.60800544472068e-05,0.0022994421829517307,0.318410603691786,0.030111119545209498,2.6205409642192175e-10,0.002494997879802315,0.00033860059622931266,0.47012795068843705,5.703589919836336e-05,0.41811482189574756,0.8737168232444259,0.9207689516025306,0.002444741308593259,8.0115588525311e-06,0.004441918806240536,0.003507580833611521,0.0017445618679523315,0.0020605110165716886,6.07329879473071e-10,1.8495931245937162e-06,0.47012795068843705,0.0022994421829517307,0.0006740554762935925,0.020987654901520828,6.997492270671057e-10,0.6481676318952401,Amygdala,mann_whitney
0.5,3.660925519173669e-10,0.00023507284271817287,2.195118872451779e-16,0.01498314661222639,5.835871974736696e-06,0.5369819464343187,0.0014780989435726716,0.0005469594656811388,0.9936076561986029,1.703433943708627e-14,2.3346186278147927e-06,0.00016882529243059907,3.660925519173669e-10,2.712395392792806e-07,9.054357171824206e-15,5.891902963391378e-17,1.494572518634219e-08,6.486466014922609e-05,1.2904545486886887e-10,7.545359981188376e-06,3.9585607700309435e-09,6.518250279462479e-14,2.712395392792806e-07,0.0013665441101881639,2.3021781427899498e-08,0.0010788468053162838,6.423252078741104e-05,0.00045803459859591195,0.0005493802753675709,9.720807469101273e-11,0.0011231326275572707,0.00982472351547796,5.891902963391378e-17,1.868288737856807e-10,0.9861873011959368,0.5789710884323859,0.9792822454151852,2.5931933319089073e-14,1.0,5.4660688253736347e-05,7.144735832038863e-06,0.009107660535434273,0.05350019369101082,6.362684985475462e-05,9.883004570561928e-16,1.5881903698716945e-10,1.953647131960518e-05,0.23858176203577053,3.660925519173669e-10,1.2904545486886887e-10,2.2934720067127e-15,0.778234430858561,0.06217327496166114,5.616971744297974e-05,0.14089298411191628,1.1627952167324837e-10,0.007912007143473235,2.7007460024738874e-15,1.494572518634219e-08,0.03355009924469157,1.0,0.05750564996071957,1.0,2.6783078242328146e-13,9.883004570561928e-16,3.490283919015785e-06,6.672730913300718e-07,7.076311227595548e-17,4.399390587138539e-15,8.012233569930187e-14,0.012756214425024968,4.399390587138539e-15,1.0754994820708821e-14,1.3462578251298778e-06,2.981073417210001e-11,8.012233569930187e-14,0.002640137805546751,0.9654773067106572,0.3297746509247682,0.00025222395741908925,0.8244321520274267,0.701677404854811,0.05454858367238446,0.006274690048986575,0.0005151466345269238,0.22981333991933983,8.089709098281639e-15,0.012710629279466203,0.23858176203577053,1.278219028082819e-15,0.701677404854811,8.842732677924553e-16,0.000527823429614917,0.009507708736544425,3.660925519173669e-10,0.01498314661222639,5.483620942756483e-05,0.003515355989629796,0.0005469325033134604,1.0491063610838391e-17,0.09119857633009004,1.6963532473912188e-09,0.0027486974748786195,1.0379737092624987e-14,7.401795090200413e-13,0.0010791713221860672,2.3021781427899498e-08,0.00994487426917906,3.2961673674683514e-15,0.457485955942293,0.010694802919108397,9.720807469101273e-11,0.8450154422567794,7.480664315492633e-14,3.808647809546642e-15,0.5,0.5369819464343187,1.2370448278607265e-05,0.026702854994789263,0.005536662999641731,0.5369819464343187,0.007086121379498847,9.90493873692247e-06,2.724942100122458e-06,2.776374008309027e-10,0.00023507284271817287,7.703893368211191e-05,5.809455595207364e-05,1.0491063610838391e-17,1.1143240825894035e-14,0.5369819464343187,1.4278629141462606e-14,2.3764494316070913e-05,0.0030829712672974826,1.868288737856807e-10,2.056213581423827e-15,0.5898775056929346,0.01937600886205686,7.401795090200413e-13,2.981073417210001e-11,1.1627952167324837e-10,9.581940643687142e-06,0.00013203894952918936,0.5369819464343187,2.776374008309027e-10,0.00948870835836903,0.00042096871297721294,6.178393562992914e-05,0.026702854994789263,CA1PC,mann_whitney
