non_sign_count_rmann_whitney,non_sign_count_rt_test,sign_count_rmann_whitney,sign_count_rt_test,non_sign_share_rmann_whitney,non_sign_share_rt_test,sign_share_rmann_whitney,sign_share_rt_test,n_largest_rmann_whitney,n_largest_rt_test,n_smallest_rmann_whitney,n_smallest_rt_test,non_sign_list_rmann_whitney,non_sign_list_rt_test,sign_list_rmann_whitney,sign_list_rt_test
4.0,4.0,1.0,0.0,0.5714285714285714,0.5714285714285714,0.14285714285714285,0.0,"[[0.9740940047215686 'L5FS']
 [0.3713330408640515 'L2IN']
 [0.15424683570022824 'L5PC']]","[[0.3839597198423589 'L2IN']
 [0.34018427347256197 'L5PC']
 [0.11090571929398621 'L5FS']]","[[1.0491063610838391e-17 'CA1PC']
 [0.0003290246043385697 'L5IN']
 [0.0004455306700784982 'L2PC']]","[[1.87051864233824e-26 'CA1PC']
 [0.0018507939568666277 'L2PC']
 [0.00576009887947332 'L5IN']]","['L2PC', 'L5IN', 'Amygdala', 'CA1PC']","['L2PC', 'L5IN', 'Amygdala', 'CA1PC']",['L5FS'],[]
5.0,5.0,1.0,0.0,0.7142857142857143,0.7142857142857143,0.14285714285714285,0.0,"[[0.8189110714810687 'L2IN']
 [0.20090495458153634 'L5FS']
 [0.019567037633257112 'L2PC']]","[[0.7723817372904529 'L2IN']
 [0.4926852491777147 'L5FS']
 [0.02724904342913707 'L5PC']]","[[9.883004570561928e-16 'CA1PC']
 [4.375917772232186e-06 'L5IN']
 [0.0009640696174946518 'Amygdala']]","[[2.718248467642283e-20 'CA1PC']
 [0.00013236402659680993 'L5IN']
 [0.009273024973592019 'Amygdala']]","['L5PC', 'L2PC', 'L5IN', 'Amygdala', 'CA1PC']","['L5PC', 'L2PC', 'L5IN', 'Amygdala', 'CA1PC']",['L2IN'],[]
5.0,5.0,1.0,1.0,0.7142857142857143,0.7142857142857143,0.14285714285714285,0.14285714285714285,"[[0.9869525608771202 'L2IN']
 [0.05600813479753523 'L5FS']
 [0.006954931064277752 'L2PC']]","[[0.8345850193667386 'L2IN']
 [0.08051046365746727 'L5FS']
 [0.011686105333590407 'L2PC']]","[[4.399390587138539e-15 'CA1PC']
 [8.582185092995006e-05 'L5IN']
 [0.0009226382979320988 'Amygdala']]","[[9.000542435719969e-19 'CA1PC']
 [0.00023644459170428714 'L5PC']
 [0.0009057411426856318 'L5IN']]","['L5PC', 'L2PC', 'L5IN', 'Amygdala', 'CA1PC']","['L5PC', 'L2PC', 'L5IN', 'Amygdala', 'CA1PC']",['L2IN'],['L2IN']
1.0,2.0,0.0,0.0,0.14285714285714285,0.2857142857142857,0.0,0.0,"[[0.579347211552514 'L2IN']
 [0.4117028117268058 'L2PC']
 [0.3219635808103901 'L5FS']]","[[0.7096813879726351 'L2IN']
 [0.511961127738332 'L2PC']
 [0.3927861400560392 'CA1PC']]","[[0.014288107026293734 'Amygdala']
 [0.05454858367238446 'CA1PC']
 [0.06907964597603093 'L5IN']]","[[0.03512413018895374 'Amygdala']
 [0.049564669446877124 'L5IN']
 [0.28417613241614925 'L5FS']]",['Amygdala'],"['L5IN', 'Amygdala']",[],[]
4.0,4.0,1.0,0.0,0.5714285714285714,0.5714285714285714,0.14285714285714285,0.0,"[[0.9740940047215686 'L5FS']
 [0.3713330408640515 'L2IN']
 [0.15424683570022824 'L5PC']]","[[0.3839597198423589 'L2IN']
 [0.34018427347256197 'L5PC']
 [0.11090571929398621 'L5FS']]","[[1.0491063610838391e-17 'CA1PC']
 [0.0003290246043385697 'L5IN']
 [0.0004455306700784982 'L2PC']]","[[1.87051864233824e-26 'CA1PC']
 [0.0018507939568666277 'L2PC']
 [0.00576009887947332 'L5IN']]","['L2PC', 'L5IN', 'Amygdala', 'CA1PC']","['L2PC', 'L5IN', 'Amygdala', 'CA1PC']",['L5FS'],[]
5.0,5.0,1.0,0.0,0.7142857142857143,0.7142857142857143,0.14285714285714285,0.0,"[[0.8189110714810687 'L2IN']
 [0.20090495458153634 'L5FS']
 [0.019567037633257112 'L2PC']]","[[0.7723817372904529 'L2IN']
 [0.4926852491777147 'L5FS']
 [0.02724904342913707 'L5PC']]","[[9.883004570561928e-16 'CA1PC']
 [4.375917772232186e-06 'L5IN']
 [0.0009640696174946518 'Amygdala']]","[[2.718248467642283e-20 'CA1PC']
 [0.00013236402659680993 'L5IN']
 [0.009273024973592019 'Amygdala']]","['L5PC', 'L2PC', 'L5IN', 'Amygdala', 'CA1PC']","['L5PC', 'L2PC', 'L5IN', 'Amygdala', 'CA1PC']",['L2IN'],[]
5.0,5.0,1.0,1.0,0.7142857142857143,0.7142857142857143,0.14285714285714285,0.14285714285714285,"[[0.9869525608771202 'L2IN']
 [0.05600813479753523 'L5FS']
 [0.006954931064277752 'L2PC']]","[[0.8345850193667386 'L2IN']
 [0.08051046365746727 'L5FS']
 [0.011686105333590407 'L2PC']]","[[4.399390587138539e-15 'CA1PC']
 [8.582185092995006e-05 'L5IN']
 [0.0009226382979320988 'Amygdala']]","[[9.000542435719969e-19 'CA1PC']
 [0.00023644459170428714 'L5PC']
 [0.0009057411426856318 'L5IN']]","['L5PC', 'L2PC', 'L5IN', 'Amygdala', 'CA1PC']","['L5PC', 'L2PC', 'L5IN', 'Amygdala', 'CA1PC']",['L2IN'],['L2IN']
1.0,0.0,0.0,0.0,0.14285714285714285,0.0,0.0,0.0,"[[0.5930418614213933 'L5FS']
 [0.58003160599876 'L5IN']
 [0.5369819464343187 'CA1PC']]","[[0.3998638629133804 'L2IN']
 [0.3692435708971066 'L2PC']
 [0.15907634710577243 'Amygdala']]","[[0.035366197435675865 'L2PC']
 [0.06996453870651217 'L2IN']
 [0.47012795068843705 'Amygdala']]","[[0.1590280115532759 'L5FS']
 [0.15903222219920296 'L5IN']
 [0.15904757435908162 'CA1PC']]",['L2PC'],[],[],[]
4.0,2.0,0.0,0.0,0.5714285714285714,0.2857142857142857,0.0,0.0,"[[0.6160701476194275 'Amygdala']
 [0.5632396668675834 'L2PC']
 [0.07530567169093433 'L5IN']]","[[0.6708056069249824 'L5IN']
 [0.5060933340138589 'L2IN']
 [0.4016894466939138 'Amygdala']]","[[0.00011719399795883253 'L5FS']
 [0.01498314661222639 'CA1PC']
 [0.016753552166414217 'L5PC']]","[[2.359782319646432e-10 'CA1PC']
 [0.00010918445619544742 'L5FS']
 [0.08940063214208574 'L5PC']]","['L5FS', 'L2IN', 'L5PC', 'CA1PC']","['L5FS', 'CA1PC']",[],[]
4.0,2.0,0.0,0.0,0.5714285714285714,0.2857142857142857,0.0,0.0,"[[0.6900405971242527 'L2PC']
 [0.6481676318952401 'Amygdala']
 [0.49511144319827405 'L5IN']]","[[0.6028075801632982 'Amygdala']
 [0.29281345206125686 'L2PC']
 [0.25739409259846396 'L5FS']]","[[9.296169890353455e-07 'L2IN']
 [5.84380446762332e-05 'L5PC']
 [0.026702854994789263 'CA1PC']]","[[8.79847921355825e-07 'L2IN']
 [0.00026711697651153247 'CA1PC']
 [0.13479129604280377 'L5PC']]","['L5FS', 'L2IN', 'L5PC', 'CA1PC']","['L2IN', 'CA1PC']",[],[]
4.0,3.0,1.0,1.0,0.5714285714285714,0.42857142857142855,0.14285714285714285,0.14285714285714285,"[[0.8659692869239283 'L2PC']
 [0.2478277999831715 'Amygdala']
 [0.23858176203577053 'CA1PC']]","[[0.94704489999356 'L2PC']
 [0.36224027516614155 'Amygdala']
 [0.20444545581519408 'CA1PC']]","[[5.855483763554423e-07 'L2IN']
 [3.3752363312834906e-05 'L5PC']
 [0.021310900238742787 'L5IN']]","[[0.0001533650188768312 'L5PC']
 [0.00023123604962732306 'L2IN']
 [0.04335978273692398 'L5FS']]","['L5FS', 'L2IN', 'L5PC', 'L5IN']","['L5FS', 'L2IN', 'L5PC']",['L2PC'],['L2PC']
3.0,2.0,0.0,0.0,0.42857142857142855,0.2857142857142857,0.0,0.0,"[[0.43257446346663886 'L2IN']
 [0.4308266659858433 'L5FS']
 [0.2709871737085019 'L2PC']]","[[0.6503980132724795 'L5FS']
 [0.3011703441075909 'L2IN']
 [0.27364657676998605 'L2PC']]","[[0.007912007143473235 'CA1PC']
 [0.019415373706998033 'Amygdala']
 [0.032325837185258964 'L5PC']]","[[0.0013921142643730036 'CA1PC']
 [0.04141694605278929 'L5PC']
 [0.05401819347890741 'Amygdala']]","['L5PC', 'Amygdala', 'CA1PC']","['L5PC', 'CA1PC']",[],[]
4.0,2.0,0.0,0.0,0.5714285714285714,0.2857142857142857,0.0,0.0,"[[0.6160701476194275 'Amygdala']
 [0.5632396668675834 'L2PC']
 [0.07530567169093433 'L5IN']]","[[0.6708056069249824 'L5IN']
 [0.5060933340138589 'L2IN']
 [0.4016894466939138 'Amygdala']]","[[0.00011719399795883253 'L5FS']
 [0.01498314661222639 'CA1PC']
 [0.016753552166414217 'L5PC']]","[[2.359782319646432e-10 'CA1PC']
 [0.00010918445619544742 'L5FS']
 [0.08940063214208574 'L5PC']]","['L5FS', 'L2IN', 'L5PC', 'CA1PC']","['L5FS', 'CA1PC']",[],[]
4.0,2.0,0.0,0.0,0.5714285714285714,0.2857142857142857,0.0,0.0,"[[0.6900405971242527 'L2PC']
 [0.6481676318952401 'Amygdala']
 [0.49511144319827405 'L5IN']]","[[0.6028075801632982 'Amygdala']
 [0.29281345206125686 'L2PC']
 [0.25739409259846396 'L5FS']]","[[9.296169890353455e-07 'L2IN']
 [5.84380446762332e-05 'L5PC']
 [0.026702854994789263 'CA1PC']]","[[8.79847921355825e-07 'L2IN']
 [0.00026711697651153247 'CA1PC']
 [0.13479129604280377 'L5PC']]","['L5FS', 'L2IN', 'L5PC', 'CA1PC']","['L2IN', 'CA1PC']",[],[]
4.0,3.0,1.0,1.0,0.5714285714285714,0.42857142857142855,0.14285714285714285,0.14285714285714285,"[[0.8659692869239283 'L2PC']
 [0.2478277999831715 'Amygdala']
 [0.23858176203577053 'CA1PC']]","[[0.94704489999356 'L2PC']
 [0.36224027516614155 'Amygdala']
 [0.20444545581519408 'CA1PC']]","[[5.855483763554423e-07 'L2IN']
 [3.3752363312834906e-05 'L5PC']
 [0.021310900238742787 'L5IN']]","[[0.0001533650188768312 'L5PC']
 [0.00023123604962732306 'L2IN']
 [0.04335978273692398 'L5FS']]","['L5FS', 'L2IN', 'L5PC', 'L5IN']","['L5FS', 'L2IN', 'L5PC']",['L2PC'],['L2PC']
1.0,0.0,0.0,0.0,0.14285714285714285,0.0,0.0,0.0,"[[0.5930418614213933 'L5FS']
 [0.58003160599876 'L5IN']
 [0.5369819464343187 'CA1PC']]","[[0.5898113051300506 'L2PC']
 [0.3286855244838902 'L2IN']
 [0.3004365003442337 'Amygdala']]","[[0.03711692886869361 'L2PC']
 [0.06723765326928598 'L2IN']
 [0.47012795068843705 'Amygdala']]","[[0.3003294682569627 'L5FS']
 [0.30033879031558813 'L5IN']
 [0.30037278178193993 'CA1PC']]",['L2PC'],[],[],[]
5.0,5.0,1.0,0.0,0.7142857142857143,0.7142857142857143,0.14285714285714285,0.0,"[[0.9184247544686371 'L5FS']
 [0.2489489475491874 'L2IN']
 [0.007810318829437037 'L2PC']]","[[0.470864718203009 'L2IN']
 [0.2721602243405781 'L5FS']
 [0.01687601043002624 'L2PC']]","[[1.1143240825894035e-14 'CA1PC']
 [5.150276547097931e-06 'L5IN']
 [0.00033860059622931266 'Amygdala']]","[[3.964172491431889e-17 'CA1PC']
 [9.365028789353559e-05 'L5PC']
 [0.0033311543983517654 'L5IN']]","['L5PC', 'L2PC', 'L5IN', 'Amygdala', 'CA1PC']","['L5PC', 'L2PC', 'L5IN', 'Amygdala', 'CA1PC']",['L5FS'],[]
5.0,5.0,0.0,1.0,0.7142857142857143,0.7142857142857143,0.0,0.14285714285714285,"[[0.6279511777665545 'L5FS']
 [0.22518050839442538 'L2IN']
 [0.013104224536351381 'L2PC']]","[[0.8494407104940249 'L5FS']
 [0.19329180156941653 'L2IN']
 [0.02468900581729043 'L2PC']]","[[1.703433943708627e-14 'CA1PC']
 [1.7244687672768613e-05 'L5IN']
 [0.00020983529201602826 'Amygdala']]","[[2.442288777242783e-17 'CA1PC']
 [3.10043359299469e-05 'L5PC']
 [0.00011984220516810521 'L5IN']]","['L5PC', 'L2PC', 'L5IN', 'Amygdala', 'CA1PC']","['L5PC', 'L2PC', 'L5IN', 'Amygdala', 'CA1PC']",[],['L5FS']
5.0,5.0,0.0,0.0,0.7142857142857143,0.7142857142857143,0.0,0.0,"[[0.406913729420062 'L5FS']
 [0.20795748939330916 'L2IN']
 [0.007208713032346899 'L2PC']]","[[0.7502879186362423 'L5FS']
 [0.1633487370456434 'L2IN']
 [0.01935738103418667 'L2PC']]","[[1.0379737092624987e-14 'CA1PC']
 [2.1459106558009543e-05 'L5IN']
 [0.0001014426687493557 'L5PC']]","[[6.398582398144073e-19 'CA1PC']
 [7.963664898398122e-06 'L5PC']
 [0.0002867142230672873 'L5IN']]","['L5PC', 'L2PC', 'L5IN', 'Amygdala', 'CA1PC']","['L5PC', 'L2PC', 'L5IN', 'Amygdala', 'CA1PC']",[],[]
4.0,4.0,1.0,0.0,0.5714285714285714,0.5714285714285714,0.14285714285714285,0.0,"[[0.9771325372445377 'L2IN']
 [0.6524917685464597 'L2PC']
 [0.4905748996448741 'L5IN']]","[[0.7208224194671403 'L2IN']
 [0.18454481235729872 'L2PC']
 [0.08795530877599829 'L5IN']]","[[4.8793957964239415e-06 'L5FS']
 [0.004441918806240536 'Amygdala']
 [0.01937600886205686 'CA1PC']]","[[3.0195703826038958e-21 'L5FS']
 [0.0002449998139508961 'CA1PC']
 [0.007106260410098564 'L5PC']]","['L5FS', 'L5PC', 'Amygdala', 'CA1PC']","['L5FS', 'L5PC', 'Amygdala', 'CA1PC']",['L2IN'],[]
5.0,4.0,1.0,0.0,0.7142857142857143,0.5714285714285714,0.14285714285714285,0.0,"[[0.904002937048263 'L5IN']
 [0.07873976938393498 'L2PC']
 [0.014990704456046661 'L2IN']]","[[0.21862916043377845 'L2PC']
 [0.180160743785211 'L2IN']
 [0.08343961614232423 'Amygdala']]","[[5.36791383986286e-13 'L5FS']
 [2.724942100122458e-06 'CA1PC']
 [6.60800544472068e-05 'Amygdala']]","[[5.618868969888007e-19 'L5FS']
 [4.707324201343891e-05 'CA1PC']
 [0.02189365612334181 'L5PC']]","['L5FS', 'L2IN', 'L5PC', 'Amygdala', 'CA1PC']","['L5FS', 'L5PC', 'L5IN', 'CA1PC']",['L5IN'],[]
5.0,2.0,0.0,1.0,0.7142857142857143,0.2857142857142857,0.0,0.14285714285714285,"[[0.7147632437125736 'L5IN']
 [0.29508099594934023 'L2PC']
 [0.02793773758555266 'L2IN']]","[[0.8632748034472063 'L5IN']
 [0.754025827060308 'L2PC']
 [0.6089933500675441 'L5PC']]","[[9.464886257663456e-16 'L5FS']
 [1.2086679017148259e-07 'Amygdala']
 [5.835871974736696e-06 'CA1PC']]","[[8.669647100994951e-08 'L5FS']
 [0.0006599735787241685 'CA1PC']
 [0.10669306507369983 'Amygdala']]","['L5FS', 'L2IN', 'L5PC', 'Amygdala', 'CA1PC']","['L5FS', 'CA1PC']",[],['L5IN']
2.0,3.0,0.0,0.0,0.2857142857142857,0.42857142857142855,0.0,0.0,"[[0.2582749287462277 'L2IN']
 [0.11292708573172668 'L5PC']
 [0.07663164882112057 'L5IN']]","[[0.3844499673530267 'L2PC']
 [0.32803522466328494 'Amygdala']
 [0.30137506249141466 'CA1PC']]","[[0.0005546357766646428 'Amygdala']
 [0.010694802919108397 'CA1PC']
 [0.055102195257870204 'L5FS']]","[[7.017442667083913e-05 'L5FS']
 [0.0018081222429874005 'L2IN']
 [0.008419985556794447 'L5IN']]","['Amygdala', 'CA1PC']","['L5FS', 'L2IN', 'L5IN']",[],[]
5.0,2.0,1.0,1.0,0.7142857142857143,0.2857142857142857,0.14285714285714285,0.14285714285714285,"[[0.8083123771615461 'L2IN']
 [0.09169532695069428 'L2PC']
 [0.015638506283816658 'L5IN']]","[[0.8724881481704779 'L2IN']
 [0.5405391725867246 'L5PC']
 [0.4139168651043428 'L2PC']]","[[1.8512324964653306e-10 'L5FS']
 [2.437665828120105e-06 'L5PC']
 [2.2805579555406693e-05 'Amygdala']]","[[1.983380013820372e-09 'L5FS']
 [2.3259379122809646e-06 'L5IN']
 [0.24999723668014834 'Amygdala']]","['L5FS', 'L5PC', 'L5IN', 'Amygdala', 'CA1PC']","['L5FS', 'L5IN']",['L2IN'],['L2IN']
5.0,4.0,1.0,0.0,0.7142857142857143,0.5714285714285714,0.14285714285714285,0.0,"[[0.8549075908181806 'L2IN']
 [0.09182073816578919 'L5IN']
 [0.030111119545209498 'Amygdala']]","[[0.5369072969937472 'Amygdala']
 [0.446438067948588 'CA1PC']
 [0.11322184048937227 'L2PC']]","[[1.3119054453297355e-08 'L5PC']
 [8.590624400913937e-08 'L5FS']
 [7.703893368211191e-05 'CA1PC']]","[[1.9235981949643888e-11 'L2IN']
 [8.046822749234731e-05 'L5FS']
 [0.0027690641699447405 'L5PC']]","['L5FS', 'L5PC', 'L2PC', 'Amygdala', 'CA1PC']","['L5FS', 'L2IN', 'L5PC', 'L5IN']",['L2IN'],[]
4.0,4.0,1.0,1.0,0.5714285714285714,0.5714285714285714,0.14285714285714285,0.14285714285714285,"[[0.819241474261962 'L2IN']
 [0.11757090488026477 'Amygdala']
 [0.07982973731810943 'L5IN']]","[[0.9238662661750793 'CA1PC']
 [0.5244617215046845 'Amygdala']
 [0.05238214047072695 'L2PC']]","[[2.0403689123637937e-08 'L5PC']
 [1.1034489507604462e-07 'L5FS']
 [0.000527823429614917 'CA1PC']]","[[2.1077810668891005e-06 'L5FS']
 [0.00019708622623478955 'L2IN']
 [0.0007798460915802128 'L5IN']]","['L5FS', 'L5PC', 'L2PC', 'CA1PC']","['L5FS', 'L2IN', 'L5PC', 'L5IN']",['L2IN'],['CA1PC']
1.0,0.0,0.0,0.0,0.14285714285714285,0.0,0.0,0.0,"[[0.5930418614213933 'L5FS']
 [0.58003160599876 'L5IN']
 [0.5369819464343187 'CA1PC']]","[[0.4013630866886574 'L2PC']
 [0.3674323780422122 'L2IN']
 [0.16506940477894277 'Amygdala']]","[[0.03711692886869361 'L2PC']
 [0.06723765326928598 'L2IN']
 [0.47012795068843705 'Amygdala']]","[[0.16501766994588402 'L5FS']
 [0.16502217655835447 'L5IN']
 [0.16503860807177412 'CA1PC']]",['L2PC'],[],[],[]
1.0,4.0,0.0,0.0,0.14285714285714285,0.5714285714285714,0.0,0.0,"[[0.7898710715979311 'L2IN']
 [0.5627148715804811 'L5FS']
 [0.4514657720187647 'L5PC']]","[[0.7523575569754402 'L2PC']
 [0.7028146836183224 'L5IN']
 [0.5806960495231293 'L2IN']]","[[0.012710629279466203 'CA1PC']
 [0.11393901241672219 'L5IN']
 [0.12078226677935758 'L2PC']]","[[0.01118617999870289 'Amygdala']
 [0.01697421541755183 'L5PC']
 [0.028281831771021296 'L5FS']]",['CA1PC'],"['L5FS', 'L5PC', 'Amygdala', 'CA1PC']",[],[]
6.0,5.0,0.0,0.0,0.8571428571428571,0.7142857142857143,0.0,0.0,"[[0.3939595366912212 'L2IN']
 [0.011055846548969003 'L5IN']
 [8.769491817395912e-05 'L5PC']]","[[0.6935493655382834 'L5IN']
 [0.09040973807847415 'CA1PC']
 [0.02484402535490144 'L2IN']]","[[7.05976955653527e-20 'L5FS']
 [6.07329879473071e-10 'Amygdala']
 [4.198207471064566e-06 'L2PC']]","[[1.1025678394057509e-19 'L5FS']
 [1.5052155651432266e-17 'L2PC']
 [2.290169999477705e-17 'Amygdala']]","['L5FS', 'L5PC', 'L2PC', 'L5IN', 'Amygdala', 'CA1PC']","['L5FS', 'L2IN', 'L5PC', 'L2PC', 'Amygdala']",[],[]
6.0,4.0,0.0,0.0,0.8571428571428571,0.5714285714285714,0.0,0.0,"[[0.6197066762712127 'L2IN']
 [0.011763640121313264 'L5IN']
 [0.00030423026823763106 'L5PC']]","[[0.6453324254254085 'L5IN']
 [0.1453987645452917 'CA1PC']
 [0.07611443512850911 'L2IN']]","[[6.439094434336155e-20 'L5FS']
 [1.0102534531723231e-13 'Amygdala']
 [7.545359981188376e-06 'CA1PC']]","[[6.001752785200311e-24 'L5FS']
 [1.4413110139118077e-19 'Amygdala']
 [1.7781370506049823e-16 'L2PC']]","['L5FS', 'L5PC', 'L2PC', 'L5IN', 'Amygdala', 'CA1PC']","['L5FS', 'L5PC', 'L2PC', 'Amygdala']",[],[]
6.0,4.0,0.0,0.0,0.8571428571428571,0.5714285714285714,0.0,0.0,"[[0.6966247169581264 'L2IN']
 [0.01647415469259614 'L5IN']
 [0.0013233378235028607 'L2PC']]","[[0.6777162483729753 'L5IN']
 [0.1315209147584759 'L2IN']
 [0.08003549781965359 'CA1PC']]","[[7.12741723866643e-20 'L5FS']
 [1.9894746846799528e-13 'Amygdala']
 [1.2370448278607265e-05 'CA1PC']]","[[2.4541712913557553e-24 'L5FS']
 [1.4333387436925555e-19 'Amygdala']
 [5.449969873866254e-15 'L2PC']]","['L5FS', 'L5PC', 'L2PC', 'L5IN', 'Amygdala', 'CA1PC']","['L5FS', 'L5PC', 'L2PC', 'Amygdala']",[],[]
1.0,0.0,0.0,0.0,0.14285714285714285,0.0,0.0,0.0,"[[0.5930418614213933 'L5FS']
 [0.58003160599876 'L5IN']
 [0.5369819464343187 'CA1PC']]","[[0.5965000111195469 'L2PC']
 [0.3391680575713042 'L2IN']
 [0.23372550956037208 'Amygdala']]","[[0.03711692886869361 'L2PC']
 [0.06723765326928598 'L2IN']
 [0.47012795068843705 'Amygdala']]","[[0.23364068112496364 'L5FS']
 [0.23364806939906443 'L5IN']
 [0.233675009512958 'CA1PC']]",['L2PC'],[],[],[]
4.0,4.0,0.0,0.0,0.5714285714285714,0.5714285714285714,0.0,0.0,"[[0.7985655213260399 'L5FS']
 [0.5336666606233428 'L2IN']
 [0.2915113459833042 'L5PC']]","[[0.6604637421083137 'L5PC']
 [0.3703169858906783 'L2IN']
 [0.2733007499989908 'L5IN']]","[[2.195118872451779e-16 'CA1PC']
 [0.0004216863277966015 'L2PC']
 [0.0014311429654014875 'L5IN']]","[[6.068754023282588e-26 'CA1PC']
 [0.0005665544496755782 'L5FS']
 [0.002303624781412329 'L2PC']]","['L2PC', 'L5IN', 'Amygdala', 'CA1PC']","['L5FS', 'L2PC', 'Amygdala', 'CA1PC']",[],[]
5.0,4.0,0.0,0.0,0.7142857142857143,0.5714285714285714,0.0,0.0,"[[0.6173490113047668 'L5FS']
 [0.4135396840487461 'L2IN']
 [0.03170807720605039 'L5PC']]","[[0.4183602223616181 'L5FS']
 [0.38056888789412346 'L5PC']
 [0.19420851903947686 'L2IN']]","[[2.5931933319089073e-14 'CA1PC']
 [1.5101843861049846e-05 'L5IN']
 [0.00035205013842936115 'Amygdala']]","[[1.3381688668942444e-18 'CA1PC']
 [0.005486729058497287 'L5IN']
 [0.019832916505621873 'Amygdala']]","['L5PC', 'L2PC', 'L5IN', 'Amygdala', 'CA1PC']","['L2PC', 'L5IN', 'Amygdala', 'CA1PC']",[],[]
5.0,5.0,0.0,0.0,0.7142857142857143,0.7142857142857143,0.0,0.0,"[[0.410442867862129 'L2IN']
 [0.3399636028865728 'L5FS']
 [0.011458905103817647 'L5PC']]","[[0.5992197990485368 'L2IN']
 [0.4560789866353724 'L5FS']
 [0.006833504452337805 'L2PC']]","[[6.518250279462479e-14 'CA1PC']
 [5.8169259412314734e-05 'L5IN']
 [0.0004311463683156382 'Amygdala']]","[[1.137078999046932e-16 'CA1PC']
 [0.0006601100956164768 'L5IN']
 [0.0018353283588757683 'Amygdala']]","['L5PC', 'L2PC', 'L5IN', 'Amygdala', 'CA1PC']","['L5PC', 'L2PC', 'L5IN', 'Amygdala', 'CA1PC']",[],[]
2.0,4.0,1.0,0.0,0.2857142857142857,0.5714285714285714,0.14285714285714285,0.0,"[[0.9682226520682491 'L5IN']
 [0.5764845754733027 'Amygdala']
 [0.1879660019332886 'L5PC']]","[[0.2453519819081937 'CA1PC']
 [0.17675115719978923 'L2PC']
 [0.1053569577682824 'L2IN']]","[[0.0014780989435726716 'CA1PC']
 [0.0023377030482093415 'L2PC']
 [0.050083928468971604 'L5FS']]","[[4.6464309572008195e-17 'L5FS']
 [0.007080662154776079 'Amygdala']
 [0.01344658713415064 'L5IN']]","['L2PC', 'CA1PC']","['L5FS', 'L5PC', 'L5IN', 'Amygdala']",['L5IN'],[]
4.0,5.0,1.0,0.0,0.5714285714285714,0.7142857142857143,0.14285714285714285,0.0,"[[0.9804238549651094 'L2IN']
 [0.20071210909628778 'L5IN']
 [0.13437116109774996 'L2PC']]","[[0.7522672243413031 'L2IN']
 [0.145011774808686 'L2PC']
 [0.038597135406023886 'L5IN']]","[[2.954940275132419e-13 'L5FS']
 [1.252116281564055e-06 'L5PC']
 [5.874551688134336e-05 'Amygdala']]","[[2.232947784376714e-29 'L5FS']
 [6.874722388050997e-08 'CA1PC']
 [9.424067370788293e-05 'L5PC']]","['L5FS', 'L5PC', 'Amygdala', 'CA1PC']","['L5FS', 'L5PC', 'L5IN', 'Amygdala', 'CA1PC']",['L2IN'],[]
5.0,5.0,1.0,0.0,0.7142857142857143,0.7142857142857143,0.14285714285714285,0.0,"[[0.8157330138759189 'L2IN']
 [0.07834971959032506 'L5IN']
 [0.045179112657696884 'L2PC']]","[[0.45964149775596974 'L2PC']
 [0.45315902942805464 'L2IN']
 [0.02521377473686979 'L5IN']]","[[1.551008643196791e-17 'L5FS']
 [6.589960388752695e-09 'L5PC']
 [3.8340842361851424e-08 'Amygdala']]","[[7.831497608275119e-24 'L5FS']
 [0.0001576732610009986 'CA1PC']
 [0.0006177575853313343 'L5PC']]","['L5FS', 'L5PC', 'L2PC', 'Amygdala', 'CA1PC']","['L5FS', 'L5PC', 'L5IN', 'Amygdala', 'CA1PC']",['L2IN'],[]
0.0,4.0,0.0,0.0,0.0,0.5714285714285714,0.0,0.0,"[[0.7654617508517049 'L2PC']
 [0.7470103848460876 'L2IN']
 [0.44134155272891606 'L5FS']]","[[0.37939350202962085 'L5PC']
 [0.21363820910252526 'Amygdala']
 [0.14559358742855302 'CA1PC']]","[[0.21257877656025592 'Amygdala']
 [0.22981333991933983 'CA1PC']
 [0.26642182376602497 'L5PC']]","[[0.002744200514704069 'L5FS']
 [0.002826294098795666 'L5IN']
 [0.004515344612299452 'L2PC']]",[],"['L5FS', 'L2IN', 'L2PC', 'L5IN']",[],[]
6.0,3.0,0.0,0.0,0.8571428571428571,0.42857142857142855,0.0,0.0,"[[0.4836611433553094 'L2PC']
 [0.010886757837925403 'L5IN']
 [0.010570031955248508 'L5PC']]","[[0.40660820830080646 'L5PC']
 [0.40130537188690885 'L2PC']
 [0.37410865905365953 'Amygdala']]","[[3.926055360029728e-08 'L5FS']
 [0.0006740554762935925 'Amygdala']
 [0.008959568003682014 'L2IN']]","[[0.001061377528817452 'L5FS']
 [0.009159791924840796 'L5IN']
 [0.03528906421448962 'L2IN']]","['L5FS', 'L2IN', 'L5PC', 'L5IN', 'Amygdala', 'CA1PC']","['L5FS', 'L2IN', 'L5IN']",[],[]
5.0,3.0,0.0,0.0,0.7142857142857143,0.42857142857142855,0.0,0.0,"[[0.5898775056929346 'CA1PC']
 [0.05066422189069732 'L2IN']
 [0.014477234565304758 'L2PC']]","[[0.5349108896313166 'L5IN']
 [0.4934281742291562 'L2PC']
 [0.43573554637644907 'CA1PC']]","[[3.5719744184913165e-15 'L5FS']
 [1.955249596980395e-06 'L5PC']
 [8.0115588525311e-06 'Amygdala']]","[[1.0565113919061163e-11 'L5FS']
 [0.003006699164305625 'L2IN']
 [0.04001078915640407 'L5PC']]","['L5FS', 'L5PC', 'L2PC', 'L5IN', 'Amygdala']","['L5FS', 'L2IN', 'L5PC']",[],[]
5.0,2.0,1.0,3.0,0.7142857142857143,0.2857142857142857,0.14285714285714285,0.42857142857142855,"[[0.8450154422567794 'CA1PC']
 [0.07976736642437099 'L2PC']
 [0.028426787397923464 'L2IN']]","[[0.9581487196991254 'L2PC']
 [0.8755289719767569 'Amygdala']
 [0.8434715485887125 'L5IN']]","[[3.6603887307836123e-17 'L5FS']
 [1.580330814348108e-08 'L5PC']
 [4.4615390990014684e-07 'Amygdala']]","[[1.9916344146686857e-06 'L5FS']
 [0.005362262170866166 'L2IN']
 [0.2721675590743751 'CA1PC']]","['L5FS', 'L2IN', 'L5PC', 'L5IN', 'Amygdala']","['L5FS', 'L2IN']",['CA1PC'],"['L2PC', 'L5IN', 'Amygdala']"
1.0,0.0,0.0,0.0,0.14285714285714285,0.0,0.0,0.0,"[[0.5930418614213933 'L5FS']
 [0.58003160599876 'L5IN']
 [0.5369819464343187 'CA1PC']]","[[0.5075493655999128 'L2IN']
 [0.3302756970746319 'L2PC']
 [0.3017653251205487 'Amygdala']]","[[0.035366197435675865 'L2PC']
 [0.06996453870651217 'L2IN']
 [0.47012795068843705 'Amygdala']]","[[0.30165794380793676 'L5FS']
 [0.3016672962851523 'L5IN']
 [0.30170139866423945 'CA1PC']]",['L2PC'],[],[],[]
2.0,2.0,1.0,1.0,0.2857142857142857,0.2857142857142857,0.14285714285714285,0.14285714285714285,"[[0.9412400518765891 'L2PC']
 [0.43493791430914386 'L5IN']
 [0.3297746509247682 'CA1PC']]","[[0.9019089116451026 'Amygdala']
 [0.7674404509927711 'CA1PC']
 [0.6393725502817044 'L2PC']]","[[7.24598776465797e-07 'L5FS']
 [0.0029176169253529575 'Amygdala']
 [0.13465919860713246 'L2IN']]","[[7.196019298855936e-05 'L5FS']
 [0.013418180862263904 'L2IN']
 [0.05549574151774256 'L5IN']]","['L5FS', 'Amygdala']","['L5FS', 'L2IN']",['L2PC'],['Amygdala']
5.0,2.0,0.0,0.0,0.7142857142857143,0.2857142857142857,0.0,0.0,"[[0.7093607339608414 'L2IN']
 [0.14089298411191628 'CA1PC']
 [0.03312687638436402 'L2PC']]","[[0.7405211804884239 'L2IN']
 [0.4986693096083241 'L5PC']
 [0.2186911921105041 'Amygdala']]","[[4.1434043432069956e-18 'L5FS']
 [1.2306048268845257e-05 'Amygdala']
 [4.680912837990749e-05 'L5IN']]","[[5.731528001974236e-08 'L5FS']
 [4.534152872641972e-05 'L5IN']
 [0.060509586816947264 'CA1PC']]","['L5FS', 'L5PC', 'L2PC', 'L5IN', 'Amygdala']","['L5FS', 'L5IN']",[],[]
5.0,3.0,1.0,1.0,0.7142857142857143,0.42857142857142855,0.14285714285714285,0.14285714285714285,"[[0.9936076561986029 'CA1PC']
 [0.2265940751626785 'L2IN']
 [0.010113855423251562 'L2PC']]","[[0.9400248201261913 'Amygdala']
 [0.10595138126143906 'L5IN']
 [0.07976489240856578 'L2PC']]","[[2.89493276737807e-12 'L5FS']
 [2.0096778981166726e-07 'L5PC']
 [1.771460953631208e-05 'L5IN']]","[[4.107364188970249e-07 'L5FS']
 [0.005304340579188704 'L2IN']
 [0.01392617306705259 'L5PC']]","['L5FS', 'L5PC', 'L2PC', 'L5IN', 'Amygdala']","['L5FS', 'L2IN', 'L5PC']",['CA1PC'],['Amygdala']
5.0,1.0,1.0,0.0,0.7142857142857143,0.14285714285714285,0.14285714285714285,0.0,"[[0.8244321520274267 'CA1PC']
 [0.31563767027906553 'L2IN']
 [0.011187010404692102 'L2PC']]","[[0.5831186851631287 'L2PC']
 [0.4040732396042521 'L5PC']
 [0.18550491519196627 'Amygdala']]","[[7.877566816645227e-12 'L5FS']
 [4.6990153933060497e-07 'L5PC']
 [4.582334413565162e-05 'L5IN']]","[[0.00112639682721838 'L5FS']
 [0.0653476933881743 'CA1PC']
 [0.07655630031224832 'L2IN']]","['L5FS', 'L5PC', 'L2PC', 'L5IN', 'Amygdala']",['L5FS'],['CA1PC'],[]
0.0,,2.0,,0.0,,1.0,,"[[1.0 'L2IN']
 [1.0 'L2PC']]",,"[[1.0 'L2IN']
 [1.0 'L2PC']]",,[],,"['L2IN', 'L2PC']",
1.0,3.0,0.0,1.0,0.14285714285714285,0.42857142857142855,0.0,0.14285714285714285,"[[0.7203740226432764 'Amygdala']
 [0.6786650085454989 'L5IN']
 [0.5502791158377983 'L2IN']]","[[0.8660227290368916 'L5PC']
 [0.5763299965376398 'L2IN']
 [0.1311407892855463 'CA1PC']]","[[0.0013665441101881639 'CA1PC']
 [0.17830266161074826 'L5PC']
 [0.3568055136344864 'L2PC']]","[[0.023392703531201254 'L5FS']
 [0.024134545363408064 'L2PC']
 [0.02414330421477944 'L5IN']]",['CA1PC'],"['L5FS', 'L2PC', 'L5IN']",[],['L5PC']
3.0,2.0,0.0,0.0,0.42857142857142855,0.2857142857142857,0.0,0.0,"[[0.59103105079451 'L2PC']
 [0.5620802253221179 'L5PC']
 [0.11426475391782619 'L2IN']]","[[0.7214659687762457 'L2IN']
 [0.45777646511222414 'L5PC']
 [0.39840493070741945 'L2PC']]","[[1.6963532473912188e-09 'CA1PC']
 [1.3997960407579469e-08 'L5FS']
 [0.010435941846665494 'L5IN']]","[[0.00018769645720630762 'L5FS']
 [0.007060715228060801 'L5IN']
 [0.10933560389527047 'CA1PC']]","['L5FS', 'L5IN', 'CA1PC']","['L5FS', 'L5IN']",[],[]
4.0,1.0,1.0,1.0,0.5714285714285714,0.14285714285714285,0.14285714285714285,0.14285714285714285,"[[0.9419578882791129 'L2IN']
 [0.13955882318974433 'L5PC']
 [0.05350019369101082 'CA1PC']]","[[0.8048030600145776 'CA1PC']
 [0.3537598576015414 'Amygdala']
 [0.16520938603017846 'L2IN']]","[[1.542803309726454e-10 'L5FS']
 [0.0001560418302893372 'L5IN']
 [0.0003904829677639108 'Amygdala']]","[[0.007211626839182469 'L5IN']
 [0.05445935856903323 'L2PC']
 [0.059511158257820565 'L5FS']]","['L5FS', 'L2PC', 'L5IN', 'Amygdala']",['L5IN'],['L2IN'],['CA1PC']
5.0,2.0,0.0,0.0,0.7142857142857143,0.2857142857142857,0.0,0.0,"[[0.778234430858561 'CA1PC']
 [0.4422699423976424 'L2IN']
 [0.016800505947142184 'L2PC']]","[[0.28467183443024296 'Amygdala']
 [0.18559946736338437 'CA1PC']
 [0.15628277565141624 'L2PC']]","[[4.732513416836384e-11 'L5FS']
 [1.1843831261854116e-05 'Amygdala']
 [4.884180774468806e-05 'L5IN']]","[[0.00879177518867204 'L5IN']
 [0.009737630981891697 'L5FS']
 [0.11692633547602867 'L2IN']]","['L5FS', 'L5PC', 'L2PC', 'L5IN', 'Amygdala']","['L5FS', 'L5IN']",[],[]
0.0,,2.0,,0.0,,1.0,,"[[1.0 'L2IN']
 [1.0 'L2PC']]",,"[[1.0 'L2IN']
 [1.0 'L2PC']]",,[],,"['L2IN', 'L2PC']",
5.0,3.0,0.0,1.0,0.7142857142857143,0.42857142857142855,0.0,0.14285714285714285,"[[0.516545526570097 'L2IN']
 [0.28419884993869227 'L2PC']
 [0.04899459046877301 'L5IN']]","[[0.9246951219147747 'L2IN']
 [0.6082935722637952 'L2PC']
 [0.11182815003566776 'L5FS']]","[[9.71515592860236e-05 'Amygdala']
 [0.002640137805546751 'CA1PC']
 [0.008220251716989122 'L5FS']]","[[5.940327686632675e-05 'CA1PC']
 [0.0009541302184591995 'Amygdala']
 [0.011567630729442332 'L5IN']]","['L5FS', 'L5PC', 'L5IN', 'Amygdala', 'CA1PC']","['L5IN', 'Amygdala', 'CA1PC']",[],['L2IN']
3.0,3.0,0.0,2.0,0.42857142857142855,0.42857142857142855,0.0,0.2857142857142857,"[[0.44537250716995225 'L2IN']
 [0.3806157417188485 'L2PC']
 [0.0773262986686921 'L5IN']]","[[0.8600499003582851 'L2PC']
 [0.8047613176086839 'L2IN']
 [0.27846307809603743 'L5FS']]","[[0.004030546331820525 'L5PC']
 [0.00827983168651895 'Amygdala']
 [0.00982472351547796 'CA1PC']]","[[0.0004744554861418776 'CA1PC']
 [0.026741979424435458 'Amygdala']
 [0.03149329918911336 'L5IN']]","['L5PC', 'Amygdala', 'CA1PC']","['L5IN', 'Amygdala', 'CA1PC']",[],"['L2IN', 'L2PC']"
2.0,2.0,1.0,0.0,0.2857142857142857,0.2857142857142857,0.14285714285714285,0.0,"[[0.8380285655562696 'L2IN']
 [0.7390738439387587 'L2PC']
 [0.5489309880673493 'L5IN']]","[[0.6583113460489443 'L2PC']
 [0.5787547093274843 'L2IN']
 [0.3498009036119135 'L5FS']]","[[0.005025322201450352 'L5PC']
 [0.005536662999641731 'CA1PC']
 [0.06598435484450398 'L5FS']]","[[0.00028679192137914464 'CA1PC']
 [0.04996517872496668 'L5PC']
 [0.14522949200257618 'Amygdala']]","['L5PC', 'CA1PC']","['L5PC', 'CA1PC']",['L2IN'],[]
2.0,1.0,1.0,1.0,0.2857142857142857,0.14285714285714285,0.14285714285714285,0.14285714285714285,"[[0.8238847763969395 'L2PC']
 [0.7943250636541471 'L5IN']
 [0.40735033218897276 'L2IN']]","[[0.8203298083156586 'L5IN']
 [0.7129133614626036 'L2PC']
 [0.47846160565230933 'Amygdala']]","[[0.003515355989629796 'CA1PC']
 [0.01842856129326554 'L5PC']
 [0.06822135402761323 'L5FS']]","[[0.0001205965633690703 'CA1PC']
 [0.0800925469861301 'L5PC']
 [0.3975596056868148 'L5FS']]","['L5PC', 'CA1PC']",['CA1PC'],['L2PC'],['L5IN']
4.0,4.0,0.0,0.0,0.5714285714285714,0.5714285714285714,0.0,0.0,"[[0.6687163127875919 'L2IN']
 [0.2645319236561855 'L2PC']
 [0.08409014963396841 'L5IN']]","[[0.7962760450559001 'L2PC']
 [0.6280103774748939 'L2IN']
 [0.15442579009249977 'L5PC']]","[[1.8495931245937162e-06 'Amygdala']
 [0.00013203894952918936 'CA1PC']
 [0.0031507007359989642 'L5FS']]","[[5.750071130719247e-05 'CA1PC']
 [9.417124960292034e-05 'Amygdala']
 [0.015307599103872466 'L5IN']]","['L5FS', 'L5PC', 'Amygdala', 'CA1PC']","['L5FS', 'L5IN', 'Amygdala', 'CA1PC']",[],[]
5.0,5.0,0.0,0.0,0.7142857142857143,0.7142857142857143,0.0,0.0,"[[0.3010505236694281 'L5FS']
 [0.296534579652873 'L2IN']
 [0.008385509275914258 'L5PC']]","[[0.40305454755926107 'L5FS']
 [0.22389749951100107 'L2IN']
 [0.036777879862252866 'L5IN']]","[[5.891902963391378e-17 'CA1PC']
 [2.3213537271948773e-05 'L2PC']
 [0.0017286157427851433 'L5IN']]","[[5.726516489221452e-26 'CA1PC']
 [0.00018752631762264437 'L2PC']
 [0.02294106336155588 'L5PC']]","['L5PC', 'L2PC', 'L5IN', 'Amygdala', 'CA1PC']","['L5PC', 'L2PC', 'L5IN', 'Amygdala', 'CA1PC']",[],[]
5.0,4.0,1.0,0.0,0.7142857142857143,0.5714285714285714,0.14285714285714285,0.0,"[[0.9467600678230044 'L2IN']
 [0.10550999023263072 'L5FS']
 [0.014542934620620236 'Amygdala']]","[[0.5828189071233065 'L2IN']
 [0.436927756359614 'L5FS']
 [0.11926446245395186 'Amygdala']]","[[8.012233569930187e-14 'CA1PC']
 [0.00018949570456305292 'L5IN']
 [0.0003260323347992983 'L2PC']]","[[1.1003338689662744e-18 'CA1PC']
 [0.0018099491096645287 'L2PC']
 [0.002496766426449133 'L5IN']]","['L5PC', 'L2PC', 'L5IN', 'Amygdala', 'CA1PC']","['L5PC', 'L2PC', 'L5IN', 'CA1PC']",['L2IN'],[]
6.0,6.0,1.0,1.0,0.8571428571428571,0.8571428571428571,0.14285714285714285,0.14285714285714285,"[[0.8125618373695376 'L2IN']
 [0.035593465173555966 'L2PC']
 [0.024563263779061397 'L5FS']]","[[0.9163183543009286 'L2IN']
 [0.04024158228333522 'L5FS']
 [0.024324463516293218 'L2PC']]","[[7.401795090200413e-13 'CA1PC']
 [0.0003169343591161167 'L5IN']
 [0.003507580833611521 'Amygdala']]","[[7.767878116285432e-14 'CA1PC']
 [0.001295921268739001 'L5IN']
 [0.0018294164851814568 'L5PC']]","['L5FS', 'L5PC', 'L2PC', 'L5IN', 'Amygdala', 'CA1PC']","['L5FS', 'L5PC', 'L2PC', 'L5IN', 'Amygdala', 'CA1PC']",['L2IN'],['L2IN']
6.0,6.0,0.0,0.0,0.8571428571428571,0.8571428571428571,0.0,0.0,"[[0.37572420046129174 'L2IN']
 [0.02716886866668938 'L2PC']
 [0.011149718631503073 'L5FS']]","[[0.5204868668542031 'L2IN']
 [0.020705306583471472 'L2PC']
 [0.01932044037475265 'L5FS']]","[[2.981073417210001e-11 'CA1PC']
 [0.0017445618679523315 'Amygdala']
 [0.0018624865101830711 'L5IN']]","[[2.0619858051420433e-12 'CA1PC']
 [0.001402585544564178 'L5PC']
 [0.006728399067839735 'L5IN']]","['L5FS', 'L5PC', 'L2PC', 'L5IN', 'Amygdala', 'CA1PC']","['L5FS', 'L5PC', 'L2PC', 'L5IN', 'Amygdala', 'CA1PC']",[],[]
6.0,6.0,0.0,0.0,0.8571428571428571,0.8571428571428571,0.0,0.0,"[[0.3996797401701584 'L2IN']
 [0.027587104791975535 'L2PC']
 [0.0070315718897978035 'L5FS']]","[[0.5894161848630083 'L2IN']
 [0.020564706722028606 'L2PC']
 [0.016005063425738736 'L5IN']]","[[1.1627952167324837e-10 'CA1PC']
 [0.0020605110165716886 'Amygdala']
 [0.0031724584988417075 'L5PC']]","[[3.2659471843495904e-12 'CA1PC']
 [0.0008553269533878664 'L5PC']
 [0.011873626922704467 'L5FS']]","['L5FS', 'L5PC', 'L2PC', 'L5IN', 'Amygdala', 'CA1PC']","['L5FS', 'L5PC', 'L2PC', 'L5IN', 'Amygdala', 'CA1PC']",[],[]
6.0,6.0,0.0,0.0,0.8571428571428571,0.8571428571428571,0.0,0.0,"[[0.4634538051611492 'L2IN']
 [0.03612062821233805 'L2PC']
 [0.008029168991797201 'L5IN']]","[[0.6485253217277309 'L2IN']
 [0.03203230457536989 'L5IN']
 [0.023382126308447944 'L2PC']]","[[2.776374008309027e-10 'CA1PC']
 [0.0018924330540255729 'L5PC']
 [0.0022994421829517307 'Amygdala']]","[[3.2935779321915618e-12 'CA1PC']
 [0.00040171128066916783 'L5PC']
 [0.004804292151878875 'L5FS']]","['L5FS', 'L5PC', 'L2PC', 'L5IN', 'Amygdala', 'CA1PC']","['L5FS', 'L5PC', 'L2PC', 'L5IN', 'Amygdala', 'CA1PC']",[],[]
6.0,5.0,0.0,0.0,0.8571428571428571,0.7142857142857143,0.0,0.0,"[[0.6045604798473858 'L2IN']
 [0.0318450321506736 'L2PC']
 [0.012773013136233953 'L5IN']]","[[0.7297898960809175 'L2IN']
 [0.051657592919054855 'L5IN']
 [0.03181996090231492 'Amygdala']]","[[3.660925519173669e-10 'CA1PC']
 [0.000879523882966418 'L5PC']
 [0.001564358420007612 'L5FS']]","[[3.161515716872353e-12 'CA1PC']
 [0.00019960894713556054 'L5PC']
 [0.003176398714471094 'L5FS']]","['L5FS', 'L5PC', 'L2PC', 'L5IN', 'Amygdala', 'CA1PC']","['L5FS', 'L5PC', 'L2PC', 'Amygdala', 'CA1PC']",[],[]
5.0,5.0,1.0,1.0,0.7142857142857143,0.7142857142857143,0.14285714285714285,0.14285714285714285,"[[0.8146769020368775 'L2IN']
 [0.05570406808239799 'L2PC']
 [0.01984681069245991 'L5IN']]","[[0.904478640995852 'L2IN']
 [0.07229560725306106 'L5IN']
 [0.03437757503771347 'Amygdala']]","[[3.660925519173669e-10 'CA1PC']
 [0.0004966185174285459 'L5PC']
 [0.0007799492814467452 'L5FS']]","[[2.4453622186437325e-13 'CA1PC']
 [0.00010897945347156375 'L5PC']
 [0.0016011581576340793 'L5FS']]","['L5FS', 'L5PC', 'L5IN', 'Amygdala', 'CA1PC']","['L5FS', 'L5PC', 'L2PC', 'Amygdala', 'CA1PC']",['L2IN'],['L2IN']
2.0,2.0,2.0,1.0,0.2857142857142857,0.2857142857142857,0.2857142857142857,0.14285714285714285,"[[0.9559927129750002 'L5IN']
 [0.8136652551397663 'L2IN']
 [0.46333846515335264 'L5PC']]","[[0.8714837943473952 'L5IN']
 [0.7568531990929483 'L2IN']
 [0.44954934891176224 'Amygdala']]","[[2.3764494316070913e-05 'CA1PC']
 [0.009315612227283195 'L2PC']
 [0.3426421691442162 'L5FS']]","[[0.0009319667493680981 'CA1PC']
 [0.004487394116039469 'L2PC']
 [0.19648838604785698 'L5PC']]","['L2PC', 'CA1PC']","['L2PC', 'CA1PC']","['L2IN', 'L5IN']",['L5IN']
5.0,5.0,0.0,0.0,0.7142857142857143,0.7142857142857143,0.0,0.0,"[[0.3010505236694281 'L5FS']
 [0.296534579652873 'L2IN']
 [0.008385509275914258 'L5PC']]","[[0.40305454755926107 'L5FS']
 [0.22389749951100107 'L2IN']
 [0.036777879862252866 'L5IN']]","[[5.891902963391378e-17 'CA1PC']
 [2.3213537271948773e-05 'L2PC']
 [0.0017286157427851433 'L5IN']]","[[5.726516489221452e-26 'CA1PC']
 [0.00018752631762264437 'L2PC']
 [0.02294106336155588 'L5PC']]","['L5PC', 'L2PC', 'L5IN', 'Amygdala', 'CA1PC']","['L5PC', 'L2PC', 'L5IN', 'Amygdala', 'CA1PC']",[],[]
5.0,4.0,1.0,0.0,0.7142857142857143,0.5714285714285714,0.14285714285714285,0.0,"[[0.9467600678230044 'L2IN']
 [0.10550999023263072 'L5FS']
 [0.014542934620620236 'Amygdala']]","[[0.5828189071233065 'L2IN']
 [0.436927756359614 'L5FS']
 [0.11926446245395186 'Amygdala']]","[[8.012233569930187e-14 'CA1PC']
 [0.00018949570456305292 'L5IN']
 [0.0003260323347992983 'L2PC']]","[[1.1003338689662744e-18 'CA1PC']
 [0.0018099491096645287 'L2PC']
 [0.002496766426449133 'L5IN']]","['L5PC', 'L2PC', 'L5IN', 'Amygdala', 'CA1PC']","['L5PC', 'L2PC', 'L5IN', 'CA1PC']",['L2IN'],[]
6.0,6.0,1.0,1.0,0.8571428571428571,0.8571428571428571,0.14285714285714285,0.14285714285714285,"[[0.8125618373695376 'L2IN']
 [0.035593465173555966 'L2PC']
 [0.024563263779061397 'L5FS']]","[[0.9163183543009286 'L2IN']
 [0.04024158228333522 'L5FS']
 [0.024324463516293218 'L2PC']]","[[7.401795090200413e-13 'CA1PC']
 [0.0003169343591161167 'L5IN']
 [0.003507580833611521 'Amygdala']]","[[7.767878116285432e-14 'CA1PC']
 [0.001295921268739001 'L5IN']
 [0.0018294164851814568 'L5PC']]","['L5FS', 'L5PC', 'L2PC', 'L5IN', 'Amygdala', 'CA1PC']","['L5FS', 'L5PC', 'L2PC', 'L5IN', 'Amygdala', 'CA1PC']",['L2IN'],['L2IN']
6.0,6.0,0.0,0.0,0.8571428571428571,0.8571428571428571,0.0,0.0,"[[0.37572420046129174 'L2IN']
 [0.02716886866668938 'L2PC']
 [0.011149718631503073 'L5FS']]","[[0.5204868668542031 'L2IN']
 [0.020705306583471472 'L2PC']
 [0.01932044037475265 'L5FS']]","[[2.981073417210001e-11 'CA1PC']
 [0.0017445618679523315 'Amygdala']
 [0.0018624865101830711 'L5IN']]","[[2.0619858051420433e-12 'CA1PC']
 [0.001402585544564178 'L5PC']
 [0.006728399067839735 'L5IN']]","['L5FS', 'L5PC', 'L2PC', 'L5IN', 'Amygdala', 'CA1PC']","['L5FS', 'L5PC', 'L2PC', 'L5IN', 'Amygdala', 'CA1PC']",[],[]
6.0,6.0,0.0,0.0,0.8571428571428571,0.8571428571428571,0.0,0.0,"[[0.3996797401701584 'L2IN']
 [0.027587104791975535 'L2PC']
 [0.0070315718897978035 'L5FS']]","[[0.5894161848630083 'L2IN']
 [0.020564706722028606 'L2PC']
 [0.016005063425738736 'L5IN']]","[[1.1627952167324837e-10 'CA1PC']
 [0.0020605110165716886 'Amygdala']
 [0.0031724584988417075 'L5PC']]","[[3.2659471843495904e-12 'CA1PC']
 [0.0008553269533878664 'L5PC']
 [0.011873626922704467 'L5FS']]","['L5FS', 'L5PC', 'L2PC', 'L5IN', 'Amygdala', 'CA1PC']","['L5FS', 'L5PC', 'L2PC', 'L5IN', 'Amygdala', 'CA1PC']",[],[]
6.0,6.0,0.0,0.0,0.8571428571428571,0.8571428571428571,0.0,0.0,"[[0.4634538051611492 'L2IN']
 [0.03612062821233805 'L2PC']
 [0.008029168991797201 'L5IN']]","[[0.6485253217277309 'L2IN']
 [0.03203230457536989 'L5IN']
 [0.023382126308447944 'L2PC']]","[[2.776374008309027e-10 'CA1PC']
 [0.0018924330540255729 'L5PC']
 [0.0022994421829517307 'Amygdala']]","[[3.2935779321915618e-12 'CA1PC']
 [0.00040171128066916783 'L5PC']
 [0.004804292151878875 'L5FS']]","['L5FS', 'L5PC', 'L2PC', 'L5IN', 'Amygdala', 'CA1PC']","['L5FS', 'L5PC', 'L2PC', 'L5IN', 'Amygdala', 'CA1PC']",[],[]
6.0,5.0,0.0,0.0,0.8571428571428571,0.7142857142857143,0.0,0.0,"[[0.6045604798473858 'L2IN']
 [0.0318450321506736 'L2PC']
 [0.012773013136233953 'L5IN']]","[[0.7297898960809175 'L2IN']
 [0.051657592919054855 'L5IN']
 [0.03181996090231492 'Amygdala']]","[[3.660925519173669e-10 'CA1PC']
 [0.000879523882966418 'L5PC']
 [0.001564358420007612 'L5FS']]","[[3.161515716872353e-12 'CA1PC']
 [0.00019960894713556054 'L5PC']
 [0.003176398714471094 'L5FS']]","['L5FS', 'L5PC', 'L2PC', 'L5IN', 'Amygdala', 'CA1PC']","['L5FS', 'L5PC', 'L2PC', 'Amygdala', 'CA1PC']",[],[]
5.0,5.0,1.0,1.0,0.7142857142857143,0.7142857142857143,0.14285714285714285,0.14285714285714285,"[[0.8146769020368775 'L2IN']
 [0.05570406808239799 'L2PC']
 [0.01984681069245991 'L5IN']]","[[0.904478640995852 'L2IN']
 [0.07229560725306106 'L5IN']
 [0.03437757503771347 'Amygdala']]","[[3.660925519173669e-10 'CA1PC']
 [0.0004966185174285459 'L5PC']
 [0.0007799492814467452 'L5FS']]","[[2.4453622186437325e-13 'CA1PC']
 [0.00010897945347156375 'L5PC']
 [0.0016011581576340793 'L5FS']]","['L5FS', 'L5PC', 'L5IN', 'Amygdala', 'CA1PC']","['L5FS', 'L5PC', 'L2PC', 'Amygdala', 'CA1PC']",['L2IN'],['L2IN']
0.0,0.0,7.0,0.0,0.0,0.0,1.0,0.0,"[[1.0 'L5FS']
 [1.0 'L2IN']
 [1.0 'L5PC']]","[[nan 'L5FS']
 [nan 'L2IN']
 [nan 'L5PC']]","[[1.0 'L5FS']
 [1.0 'L2IN']
 [1.0 'L5PC']]","[[nan 'L5FS']
 [nan 'L2IN']
 [nan 'L5PC']]",[],[],"['L5FS', 'L2IN', 'L5PC', 'L2PC', 'L5IN', 'Amygdala', 'CA1PC']",[]
0.0,2.0,2.0,1.0,0.0,0.2857142857142857,0.2857142857142857,0.14285714285714285,"[[0.9654773067106572 'CA1PC']
 [0.830043218099026 'L5IN']
 [0.7887673720951802 'L5FS']]","[[0.8230440121509194 'L5FS']
 [0.7709887115137977 'L5IN']
 [0.7116136129538675 'CA1PC']]","[[0.06692284174200787 'L2IN']
 [0.2045654653300072 'Amygdala']
 [0.25734789990118656 'L5PC']]","[[0.02190983386195705 'Amygdala']
 [0.021925731281474802 'L5PC']
 [0.31989538982617843 'L2IN']]",[],"['L5PC', 'Amygdala']","['L5IN', 'CA1PC']",['L5FS']
3.0,2.0,0.0,0.0,0.42857142857142855,0.2857142857142857,0.0,0.0,"[[0.701677404854811 'CA1PC']
 [0.37576153219887165 'L2PC']
 [0.2885473738680572 'Amygdala']]","[[0.6393948144878405 'L2IN']
 [0.6332248398305882 'L5PC']
 [0.3026857334704937 'L5IN']]","[[0.0008688651454625836 'L5FS']
 [0.01597856641438534 'L2IN']
 [0.025308022665583248 'L5IN']]","[[5.607424453309911e-05 'L5FS']
 [0.024812205022007677 'CA1PC']
 [0.09158679835247341 'L2PC']]","['L5FS', 'L2IN', 'L5IN']","['L5FS', 'CA1PC']",[],[]
3.0,1.0,0.0,4.0,0.42857142857142855,0.14285714285714285,0.0,0.5714285714285714,"[[0.3488858207505404 'L5FS']
 [0.325699991960668 'L2PC']
 [0.318410603691786 'Amygdala']]","[[0.949748388728377 'CA1PC']
 [0.9289609895481603 'Amygdala']
 [0.8174378019179187 'L5PC']]","[[0.00023507284271817287 'CA1PC']
 [0.0006536919419110691 'L2IN']
 [0.0014023318731616289 'L5IN']]","[[0.0010012416354599966 'L5FS']
 [0.2433739216001693 'L2PC']
 [0.7047460245170974 'L5IN']]","['L2IN', 'L5IN', 'CA1PC']",['L5FS'],[],"['L2IN', 'L5PC', 'Amygdala', 'CA1PC']"
3.0,1.0,1.0,2.0,0.42857142857142855,0.14285714285714285,0.14285714285714285,0.2857142857142857,"[[0.9025805356525342 'L5FS']
 [0.6856432713384812 'L2PC']
 [0.6349532877692777 'Amygdala']]","[[0.8558719703479387 'L5PC']
 [0.8007587315255983 'L2IN']
 [0.7860306657116938 'L5IN']]","[[2.3021781427899498e-08 'CA1PC']
 [2.903299358926652e-05 'L5IN']
 [0.0009369293446825566 'L2IN']]","[[0.0018174300900432282 'CA1PC']
 [0.16893672109986996 'Amygdala']
 [0.17121540843137803 'L5FS']]","['L2IN', 'L5IN', 'CA1PC']",['CA1PC'],['L5FS'],"['L2IN', 'L5PC']"
3.0,3.0,1.0,2.0,0.42857142857142855,0.42857142857142855,0.14285714285714285,0.2857142857142857,"[[0.9207689516025306 'Amygdala']
 [0.7390738000182446 'L2PC']
 [0.70602612238493 'L5FS']]","[[0.9790091195569383 'L2PC']
 [0.8053424240557752 'Amygdala']
 [0.7203836083940751 'L5PC']]","[[1.868288737856807e-10 'CA1PC']
 [8.061351968786947e-06 'L5IN']
 [9.230276301154915e-06 'L2IN']]","[[4.772220970751767e-07 'CA1PC']
 [0.00016487640857380302 'L2IN']
 [0.0013989571583155633 'L5IN']]","['L2IN', 'L5IN', 'CA1PC']","['L2IN', 'L5IN', 'CA1PC']",['Amygdala'],"['L2PC', 'Amygdala']"
3.0,3.0,0.0,0.0,0.42857142857142855,0.42857142857142855,0.0,0.0,"[[0.6930020199476392 'Amygdala']
 [0.464088022745728 'L5PC']
 [0.25258822004155834 'L5FS']]","[[0.7593799392965797 'Amygdala']
 [0.5238249081525717 'L5PC']
 [0.4089894599666465 'L2PC']]","[[9.720807469101273e-11 'CA1PC']
 [2.0278931596726415e-06 'L2IN']
 [6.448905400275795e-05 'L5IN']]","[[9.456314026217943e-07 'CA1PC']
 [8.273372064759433e-06 'L2IN']
 [0.003160154272479323 'L5IN']]","['L2IN', 'L5IN', 'CA1PC']","['L2IN', 'L5IN', 'CA1PC']",[],[]
3.0,4.0,1.0,1.0,0.42857142857142855,0.5714285714285714,0.14285714285714285,0.14285714285714285,"[[0.8724892706506986 'L5PC']
 [0.5623470286455146 'Amygdala']
 [0.1793445369148683 'L2PC']]","[[0.9038541536378732 'Amygdala']
 [0.2656773963698499 'L2PC']
 [0.053140427283763406 'L5FS']]","[[1.2904545486886887e-10 'CA1PC']
 [5.053316730811835e-06 'L2IN']
 [4.209920607447416e-05 'L5IN']]","[[1.1041933401173345e-06 'CA1PC']
 [7.69297003917231e-06 'L2IN']
 [0.000878008542290234 'L5IN']]","['L2IN', 'L5IN', 'CA1PC']","['L2IN', 'L5PC', 'L5IN', 'CA1PC']",['L5PC'],['Amygdala']
4.0,5.0,1.0,0.0,0.5714285714285714,0.7142857142857143,0.14285714285714285,0.0,"[[0.9975455179062427 'Amygdala']
 [0.36459977057736404 'L2PC']
 [0.3289772747487455 'L5PC']]","[[0.3431443015960154 'L2PC']
 [0.2393820637619065 'Amygdala']
 [0.0005616554567056971 'L5PC']]","[[1.494572518634219e-08 'CA1PC']
 [1.5035672110055617e-05 'L2IN']
 [2.9980775240136986e-05 'L5IN']]","[[1.850323656212747e-06 'L2IN']
 [1.4845243322067896e-05 'CA1PC']
 [0.0001276290130965652 'L5IN']]","['L5FS', 'L2IN', 'L5IN', 'CA1PC']","['L5FS', 'L2IN', 'L5PC', 'L5IN', 'CA1PC']",['Amygdala'],[]
5.0,5.0,0.0,0.0,0.7142857142857143,0.7142857142857143,0.0,0.0,"[[0.6930020199476392 'Amygdala']
 [0.3006280170549138 'L2PC']
 [0.04859371030572743 'L5PC']]","[[0.41347265902181995 'L2PC']
 [0.10340718470527811 'Amygdala']
 [3.20803015660794e-05 'L2IN']]","[[2.297751795421077e-09 'L5FS']
 [2.712395392792806e-07 'CA1PC']
 [9.55520652396736e-06 'L5IN']]","[[3.823809560786946e-07 'L5FS']
 [2.9448182411849197e-06 'L5IN']
 [4.703237766436645e-06 'L5PC']]","['L5FS', 'L2IN', 'L5PC', 'L5IN', 'CA1PC']","['L5FS', 'L2IN', 'L5PC', 'L5IN', 'CA1PC']",[],[]
0.0,2.0,1.0,1.0,0.0,0.2857142857142857,0.14285714285714285,0.14285714285714285,"[[0.8286669078322908 'Amygdala']
 [0.7941967323543458 'L5IN']
 [0.5789710884323859 'CA1PC']]","[[0.858113804279408 'L5IN']
 [0.7636743477047686 'Amygdala']
 [0.7399714037414937 'L2PC']]","[[0.05521891381931331 'L5PC']
 [0.12677714089270706 'L2PC']
 [0.29012598122857336 'L2IN']]","[[0.0018604998099777754 'CA1PC']
 [0.004732303627275101 'L5PC']
 [0.06217529758009636 'L2IN']]",[],"['L5PC', 'CA1PC']",['Amygdala'],['L5IN']
3.0,2.0,0.0,0.0,0.42857142857142855,0.2857142857142857,0.0,0.0,"[[0.701677404854811 'CA1PC']
 [0.37576153219887165 'L2PC']
 [0.2885473738680572 'Amygdala']]","[[0.6393948144878405 'L2IN']
 [0.6332248398305882 'L5PC']
 [0.3026857334704937 'L5IN']]","[[0.0008688651454625836 'L5FS']
 [0.01597856641438534 'L2IN']
 [0.025308022665583248 'L5IN']]","[[5.607424453309911e-05 'L5FS']
 [0.024812205022007677 'CA1PC']
 [0.09158679835247341 'L2PC']]","['L5FS', 'L2IN', 'L5IN']","['L5FS', 'CA1PC']",[],[]
3.0,1.0,0.0,4.0,0.42857142857142855,0.14285714285714285,0.0,0.5714285714285714,"[[0.3488858207505404 'L5FS']
 [0.325699991960668 'L2PC']
 [0.318410603691786 'Amygdala']]","[[0.949748388728377 'CA1PC']
 [0.9289609895481603 'Amygdala']
 [0.8174378019179187 'L5PC']]","[[0.00023507284271817287 'CA1PC']
 [0.0006536919419110691 'L2IN']
 [0.0014023318731616289 'L5IN']]","[[0.0010012416354599966 'L5FS']
 [0.2433739216001693 'L2PC']
 [0.7047460245170974 'L5IN']]","['L2IN', 'L5IN', 'CA1PC']",['L5FS'],[],"['L2IN', 'L5PC', 'Amygdala', 'CA1PC']"
3.0,1.0,1.0,2.0,0.42857142857142855,0.14285714285714285,0.14285714285714285,0.2857142857142857,"[[0.9025805356525342 'L5FS']
 [0.6856432713384812 'L2PC']
 [0.6349532877692777 'Amygdala']]","[[0.8558719703479387 'L5PC']
 [0.8007587315255983 'L2IN']
 [0.7860306657116938 'L5IN']]","[[2.3021781427899498e-08 'CA1PC']
 [2.903299358926652e-05 'L5IN']
 [0.0009369293446825566 'L2IN']]","[[0.0018174300900432282 'CA1PC']
 [0.16893672109986996 'Amygdala']
 [0.17121540843137803 'L5FS']]","['L2IN', 'L5IN', 'CA1PC']",['CA1PC'],['L5FS'],"['L2IN', 'L5PC']"
3.0,3.0,1.0,2.0,0.42857142857142855,0.42857142857142855,0.14285714285714285,0.2857142857142857,"[[0.9207689516025306 'Amygdala']
 [0.7390738000182446 'L2PC']
 [0.70602612238493 'L5FS']]","[[0.9790091195569383 'L2PC']
 [0.8053424240557752 'Amygdala']
 [0.7203836083940751 'L5PC']]","[[1.868288737856807e-10 'CA1PC']
 [8.061351968786947e-06 'L5IN']
 [9.230276301154915e-06 'L2IN']]","[[4.772220970751767e-07 'CA1PC']
 [0.00016487640857380302 'L2IN']
 [0.0013989571583155633 'L5IN']]","['L2IN', 'L5IN', 'CA1PC']","['L2IN', 'L5IN', 'CA1PC']",['Amygdala'],"['L2PC', 'Amygdala']"
3.0,3.0,0.0,0.0,0.42857142857142855,0.42857142857142855,0.0,0.0,"[[0.6930020199476392 'Amygdala']
 [0.464088022745728 'L5PC']
 [0.25258822004155834 'L5FS']]","[[0.7593799392965797 'Amygdala']
 [0.5238249081525717 'L5PC']
 [0.4089894599666465 'L2PC']]","[[9.720807469101273e-11 'CA1PC']
 [2.0278931596726415e-06 'L2IN']
 [6.448905400275795e-05 'L5IN']]","[[9.456314026217943e-07 'CA1PC']
 [8.273372064759433e-06 'L2IN']
 [0.003160154272479323 'L5IN']]","['L2IN', 'L5IN', 'CA1PC']","['L2IN', 'L5IN', 'CA1PC']",[],[]
3.0,4.0,1.0,1.0,0.42857142857142855,0.5714285714285714,0.14285714285714285,0.14285714285714285,"[[0.8724892706506986 'L5PC']
 [0.5623470286455146 'Amygdala']
 [0.1793445369148683 'L2PC']]","[[0.9038541536378732 'Amygdala']
 [0.2656773963698499 'L2PC']
 [0.053140427283763406 'L5FS']]","[[1.2904545486886887e-10 'CA1PC']
 [5.053316730811835e-06 'L2IN']
 [4.209920607447416e-05 'L5IN']]","[[1.1041933401173345e-06 'CA1PC']
 [7.69297003917231e-06 'L2IN']
 [0.000878008542290234 'L5IN']]","['L2IN', 'L5IN', 'CA1PC']","['L2IN', 'L5PC', 'L5IN', 'CA1PC']",['L5PC'],['Amygdala']
4.0,5.0,1.0,0.0,0.5714285714285714,0.7142857142857143,0.14285714285714285,0.0,"[[0.9975455179062427 'Amygdala']
 [0.36459977057736404 'L2PC']
 [0.3289772747487455 'L5PC']]","[[0.3431443015960154 'L2PC']
 [0.2393820637619065 'Amygdala']
 [0.0005616554567056971 'L5PC']]","[[1.494572518634219e-08 'CA1PC']
 [1.5035672110055617e-05 'L2IN']
 [2.9980775240136986e-05 'L5IN']]","[[1.850323656212747e-06 'L2IN']
 [1.4845243322067896e-05 'CA1PC']
 [0.0001276290130965652 'L5IN']]","['L5FS', 'L2IN', 'L5IN', 'CA1PC']","['L5FS', 'L2IN', 'L5PC', 'L5IN', 'CA1PC']",['Amygdala'],[]
5.0,5.0,0.0,0.0,0.7142857142857143,0.7142857142857143,0.0,0.0,"[[0.6930020199476392 'Amygdala']
 [0.3006280170549138 'L2PC']
 [0.04859371030572743 'L5PC']]","[[0.41347265902181995 'L2PC']
 [0.10340718470527811 'Amygdala']
 [3.20803015660794e-05 'L2IN']]","[[2.297751795421077e-09 'L5FS']
 [2.712395392792806e-07 'CA1PC']
 [9.55520652396736e-06 'L5IN']]","[[3.823809560786946e-07 'L5FS']
 [2.9448182411849197e-06 'L5IN']
 [4.703237766436645e-06 'L5PC']]","['L5FS', 'L2IN', 'L5PC', 'L5IN', 'CA1PC']","['L5FS', 'L2IN', 'L5PC', 'L5IN', 'CA1PC']",[],[]
0.0,0.0,7.0,0.0,0.0,0.0,1.0,0.0,"[[1.0 'L5FS']
 [1.0 'L2IN']
 [1.0 'L5PC']]","[[nan 'L5FS']
 [nan 'L2IN']
 [nan 'L5PC']]","[[1.0 'L5FS']
 [1.0 'L2IN']
 [1.0 'L5PC']]","[[nan 'L5FS']
 [nan 'L2IN']
 [nan 'L5PC']]",[],[],"['L5FS', 'L2IN', 'L5PC', 'L2PC', 'L5IN', 'Amygdala', 'CA1PC']",[]
0.0,0.0,2.0,0.0,0.0,0.0,0.2857142857142857,0.0,"[[0.9861873011959368 'CA1PC']
 [0.8082816092650318 'L5IN']
 [0.7667593861232098 'L5FS']]","[[0.5142303227089102 'L5IN']
 [0.5008887458376525 'L5FS']
 [0.4523699328194656 'L2IN']]","[[0.06692284174200787 'L2IN']
 [0.2045654653300072 'Amygdala']
 [0.25734789990118656 'L5PC']]","[[0.07226426342716213 'Amygdala']
 [0.07226802141465982 'L5PC']
 [0.08945882613781964 'L2PC']]",[],[],"['L5IN', 'CA1PC']",[]
5.0,5.0,1.0,0.0,0.7142857142857143,0.7142857142857143,0.14285714285714285,0.0,"[[0.9382744443976611 'L5FS']
 [0.25344809997584583 'L2IN']
 [0.0032636570340733853 'L5PC']]","[[0.26595910238624315 'L5FS']
 [0.19677038054254328 'L2IN']
 [0.01358949627834853 'Amygdala']]","[[8.842732677924553e-16 'CA1PC']
 [2.470163352418229e-05 'L5IN']
 [0.00028681753774430316 'Amygdala']]","[[2.4241804232230285e-19 'CA1PC']
 [0.00010445806850637965 'L5PC']
 [0.0009225358103516991 'L5IN']]","['L5PC', 'L2PC', 'L5IN', 'Amygdala', 'CA1PC']","['L5PC', 'L2PC', 'L5IN', 'Amygdala', 'CA1PC']",['L5FS'],[]
5.0,5.0,1.0,0.0,0.7142857142857143,0.7142857142857143,0.14285714285714285,0.0,"[[1.0 'L5FS']
 [0.3691490729337126 'L2IN']
 [0.009190113241452236 'L2PC']]","[[0.43613528812849667 'L5FS']
 [0.27047047859904866 'L2IN']
 [0.013183803718765482 'L2PC']]","[[8.089709098281639e-15 'CA1PC']
 [1.579002492704629e-05 'L5IN']
 [7.652570019173263e-05 'Amygdala']]","[[6.859429243646105e-18 'CA1PC']
 [0.00013422237900003383 'L5PC']
 [0.0002294148585258321 'L5IN']]","['L5PC', 'L2PC', 'L5IN', 'Amygdala', 'CA1PC']","['L5PC', 'L2PC', 'L5IN', 'Amygdala', 'CA1PC']",['L5FS'],[]
5.0,5.0,0.0,1.0,0.7142857142857143,0.7142857142857143,0.0,0.14285714285714285,"[[0.6279511777665545 'L5FS']
 [0.5008139772811242 'L2IN']
 [0.018799427626470747 'L2PC']]","[[0.9597882506826614 'L5FS']
 [0.41394691416588214 'L2IN']
 [0.023363857856863988 'L2PC']]","[[1.0754994820708821e-14 'CA1PC']
 [1.4136757092828808e-05 'L5IN']
 [5.002453618230928e-05 'Amygdala']]","[[1.6654500402152594e-17 'CA1PC']
 [7.260969644896986e-05 'L5PC']
 [0.0001283260843514535 'Amygdala']]","['L5PC', 'L2PC', 'L5IN', 'Amygdala', 'CA1PC']","['L5PC', 'L2PC', 'L5IN', 'Amygdala', 'CA1PC']",[],['L5FS']
5.0,5.0,0.0,1.0,0.7142857142857143,0.7142857142857143,0.0,0.14285714285714285,"[[0.6191166940118757 'L5FS']
 [0.39059070449487143 'L2IN']
 [0.013325496285457332 'L2PC']]","[[0.8812501246332682 'L5FS']
 [0.3005941588828826 'L2IN']
 [0.01910748166073693 'L2PC']]","[[1.4278629141462606e-14 'CA1PC']
 [1.6321568252908035e-05 'L5IN']
 [5.703589919836336e-05 'Amygdala']]","[[2.741275319961442e-18 'CA1PC']
 [3.209509321152945e-05 'L5PC']
 [9.826925225167723e-05 'Amygdala']]","['L5PC', 'L2PC', 'L5IN', 'Amygdala', 'CA1PC']","['L5PC', 'L2PC', 'L5IN', 'Amygdala', 'CA1PC']",[],['L5FS']
5.0,5.0,0.0,0.0,0.7142857142857143,0.7142857142857143,0.0,0.0,"[[0.6103368913307994 'L5FS']
 [0.21392369348270512 'L2IN']
 [0.00802067299403557 'L2PC']]","[[0.15571155245986903 'L5FS']
 [0.12201723884433281 'L2IN']
 [0.010569211552778924 'L2PC']]","[[7.480664315492633e-14 'CA1PC']
 [1.6142685422351938e-05 'L5IN']
 [5.3188241891157366e-05 'Amygdala']]","[[3.89600537877298e-17 'CA1PC']
 [4.6754035876213e-05 'Amygdala']
 [0.0002981966704354057 'L5PC']]","['L5PC', 'L2PC', 'L5IN', 'Amygdala', 'CA1PC']","['L5PC', 'L2PC', 'L5IN', 'Amygdala', 'CA1PC']",[],[]
5.0,6.0,0.0,0.0,0.7142857142857143,0.8571428571428571,0.0,0.0,"[[0.30339638440782113 'L5FS']
 [0.12898202014470436 'L2IN']
 [0.0038869657143456244 'L2PC']]","[[0.0568685198838439 'L2IN']
 [0.04160463487613132 'L5FS']
 [0.006578751321644743 'L2PC']]","[[2.6783078242328146e-13 'CA1PC']
 [2.2170214749153623e-05 'L5IN']
 [0.00010571313861281596 'Amygdala']]","[[1.0420394934838553e-15 'CA1PC']
 [4.093841338720947e-05 'Amygdala']
 [0.001544088835405385 'L5PC']]","['L5PC', 'L2PC', 'L5IN', 'Amygdala', 'CA1PC']","['L5FS', 'L5PC', 'L2PC', 'L5IN', 'Amygdala', 'CA1PC']",[],[]
6.0,6.0,0.0,0.0,0.8571428571428571,0.8571428571428571,0.0,0.0,"[[0.059284579448003805 'L2IN']
 [0.011035419043305164 'L5PC']
 [0.0017003372243524326 'L2PC']]","[[0.059371260233384696 'L5PC']
 [0.011274436738434755 'L2IN']
 [0.004516178806621659 'L5IN']]","[[1.5881903698716945e-10 'CA1PC']
 [6.714896393009092e-06 'L5IN']
 [2.27551787242454e-05 'Amygdala']]","[[5.101707677939924e-11 'CA1PC']
 [8.603734448044954e-07 'Amygdala']
 [2.5843769446810557e-05 'L5FS']]","['L5FS', 'L5PC', 'L2PC', 'L5IN', 'Amygdala', 'CA1PC']","['L5FS', 'L2IN', 'L2PC', 'L5IN', 'Amygdala', 'CA1PC']",[],[]
7.0,6.0,0.0,0.0,1.0,0.8571428571428571,0.0,0.0,"[[0.03773959770066054 'L5PC']
 [0.029023927655927557 'L2IN']
 [0.0009687966698019498 'L2PC']]","[[0.3359805723917685 'L5PC']
 [0.0027265840278106373 'L2IN']
 [0.001231074271813018 'L5IN']]","[[2.1610374870279256e-09 'L5FS']
 [3.9585607700309435e-09 'CA1PC']
 [4.531837197864054e-06 'L5IN']]","[[8.409570895039583e-09 'L5FS']
 [3.658607350295814e-08 'CA1PC']
 [3.875970678503768e-08 'Amygdala']]","['L5FS', 'L2IN', 'L5PC', 'L2PC', 'L5IN', 'Amygdala', 'CA1PC']","['L5FS', 'L2IN', 'L2PC', 'L5IN', 'Amygdala', 'CA1PC']",[],[]
3.0,4.0,1.0,0.0,0.42857142857142855,0.5714285714285714,0.14285714285714285,0.0,"[[0.8575721489356007 'L5IN']
 [0.2679996793921534 'L2PC']
 [0.13231740716230744 'L2IN']]","[[0.5936143019774998 'L2PC']
 [0.3456516747466153 'L5IN']
 [0.11491509779503119 'Amygdala']]","[[1.0526595124564116e-06 'L5PC']
 [4.275640243350618e-06 'L5FS']
 [0.0030702803608125408 'Amygdala']]","[[2.224796917686426e-12 'L5FS']
 [6.294025852758096e-08 'CA1PC']
 [0.00021593481431214927 'L5PC']]","['L5FS', 'L5PC', 'Amygdala']","['L5FS', 'L2IN', 'L5PC', 'CA1PC']",['L5IN'],[]
4.0,4.0,1.0,0.0,0.5714285714285714,0.5714285714285714,0.14285714285714285,0.0,"[[0.8316109797620592 'L2IN']
 [0.6241257126762003 'L2PC']
 [0.6208139112101108 'L5IN']]","[[0.6632396518215943 'L2IN']
 [0.47081432992824435 'L2PC']
 [0.055558460172049996 'Amygdala']]","[[1.1834856475309476e-11 'L5FS']
 [2.1452052628422865e-08 'L5PC']
 [4.226524385718122e-06 'Amygdala']]","[[7.435173809483181e-13 'L5FS']
 [1.0436047739875438e-09 'CA1PC']
 [0.00024093471620717833 'L5IN']]","['L5FS', 'L5PC', 'Amygdala', 'CA1PC']","['L5FS', 'L5PC', 'L5IN', 'CA1PC']",['L2IN'],[]
4.0,4.0,0.0,0.0,0.5714285714285714,0.5714285714285714,0.0,0.0,"[[0.4722926864532879 'L5IN']
 [0.36120860677490796 'L2IN']
 [0.3345977857057403 'L2PC']]","[[0.7287497062411852 'L5IN']
 [0.6806629029962523 'L2IN']
 [0.6117500297434285 'L2PC']]","[[1.9973648747305664e-16 'L5FS']
 [4.381857304545762e-08 'Amygdala']
 [7.978909710591083e-07 'L5PC']]","[[5.255781225158986e-12 'L5FS']
 [0.0002556956613858442 'CA1PC']
 [0.033126072056356946 'L5PC']]","['L5FS', 'L5PC', 'Amygdala', 'CA1PC']","['L5FS', 'L5PC', 'Amygdala', 'CA1PC']",[],[]
4.0,2.0,0.0,1.0,0.5714285714285714,0.2857142857142857,0.0,0.14285714285714285,"[[0.3538893650789592 'L5IN']
 [0.3256964422967066 'L2PC']
 [0.10055780929828735 'L2IN']]","[[0.9463304330130828 'L2PC']
 [0.5688192399592293 'L2IN']
 [0.5206669290506722 'L5PC']]","[[1.3480436996543355e-17 'L5FS']
 [1.774621893248174e-08 'Amygdala']
 [9.90603725761357e-06 'L5PC']]","[[1.848260955377565e-08 'L5FS']
 [0.004545784578844801 'CA1PC']
 [0.06252780776954946 'Amygdala']]","['L5FS', 'L5PC', 'Amygdala', 'CA1PC']","['L5FS', 'CA1PC']",[],['L2PC']
4.0,3.0,0.0,0.0,0.5714285714285714,0.42857142857142855,0.0,0.0,"[[0.41562089379875533 'L2PC']
 [0.19701204121861693 'L5IN']
 [0.08847625979997335 'L2IN']]","[[0.6388878620605337 'L5IN']
 [0.6201611338631554 'L2PC']
 [0.40446842335169964 'L2IN']]","[[5.231119104507004e-18 'L5FS']
 [2.7744902622868338e-09 'Amygdala']
 [1.581610019147654e-05 'L5PC']]","[[1.5765012053643894e-11 'L5FS']
 [0.021231315682797465 'Amygdala']
 [0.03217729609229228 'CA1PC']]","['L5FS', 'L5PC', 'Amygdala', 'CA1PC']","['L5FS', 'Amygdala', 'CA1PC']",[],[]
4.0,4.0,0.0,1.0,0.5714285714285714,0.5714285714285714,0.0,0.14285714285714285,"[[0.5148928428693745 'L2PC']
 [0.10312028852345244 'L2IN']
 [0.07273772206290578 'L5IN']]","[[0.9107592690566402 'L5IN']
 [0.6942297179028258 'L2PC']
 [0.34935383993851576 'L2IN']]","[[3.0193633691162785e-18 'L5FS']
 [1.402426501835824e-09 'Amygdala']
 [5.115757332461911e-06 'L5PC']]","[[2.217931783014256e-19 'L5FS']
 [0.0024606176578524674 'CA1PC']
 [0.003036704909500679 'Amygdala']]","['L5FS', 'L5PC', 'Amygdala', 'CA1PC']","['L5FS', 'L5PC', 'Amygdala', 'CA1PC']",[],['L5IN']
5.0,5.0,0.0,1.0,0.7142857142857143,0.7142857142857143,0.0,0.14285714285714285,"[[0.36617427402400615 'L2PC']
 [0.14478806631317198 'L2IN']
 [0.02096803151012757 'L5IN']]","[[0.8498357183489621 'L2PC']
 [0.3545426395435072 'L2IN']
 [0.026363054369033426 'CA1PC']]","[[1.3307913983658214e-18 'L5FS']
 [8.562798918472885e-10 'Amygdala']
 [1.803097771702556e-06 'L5PC']]","[[3.9148860411187396e-21 'L5FS']
 [0.0004131061531085657 'L5IN']
 [0.0012670882719745336 'Amygdala']]","['L5FS', 'L5PC', 'L5IN', 'Amygdala', 'CA1PC']","['L5FS', 'L5PC', 'L5IN', 'Amygdala', 'CA1PC']",[],['L2PC']
5.0,5.0,0.0,0.0,0.7142857142857143,0.7142857142857143,0.0,0.0,"[[0.17597056353297236 'L2IN']
 [0.07001381537029897 'L2PC']
 [0.004463653866274003 'L5IN']]","[[0.6756204122547129 'L2IN']
 [0.2219591634320831 'L2PC']
 [0.0013417607865177364 'CA1PC']]","[[1.1897146395619558e-18 'L5FS']
 [2.6545358429427503e-09 'Amygdala']
 [2.6206355976744083e-06 'L5PC']]","[[4.910818334965333e-31 'L5FS']
 [1.2344643823124268e-05 'L5IN']
 [0.0004922500442045407 'Amygdala']]","['L5FS', 'L5PC', 'L5IN', 'Amygdala', 'CA1PC']","['L5FS', 'L5PC', 'L5IN', 'Amygdala', 'CA1PC']",[],[]
4.0,4.0,1.0,0.0,0.5714285714285714,0.5714285714285714,0.14285714285714285,0.0,"[[0.8774341304907184 'L2IN']
 [0.11437711734117907 'L5PC']
 [0.09119857633009004 'CA1PC']]","[[0.7076646069404753 'L2IN']
 [0.37646594006528145 'L5IN']
 [0.18025432805304484 'CA1PC']]","[[0.006470154583928419 'L2PC']
 [0.008992004610597345 'L5FS']
 [0.01605773586211897 'L5IN']]","[[2.6846999363864933e-05 'L2PC']
 [3.316425144643072e-05 'Amygdala']
 [0.00010530959837360355 'L5PC']]","['L5FS', 'L2PC', 'L5IN', 'Amygdala']","['L5FS', 'L5PC', 'L2PC', 'Amygdala']",['L2IN'],[]
6.0,5.0,0.0,0.0,0.8571428571428571,0.7142857142857143,0.0,0.0,"[[0.6826273547262971 'L2IN']
 [0.001146727046252309 'L5IN']
 [0.0005151466345269238 'CA1PC']]","[[0.5490346015993457 'L5IN']
 [0.16928325526347246 'L2IN']
 [0.0022755509978382707 'CA1PC']]","[[2.299219595619029e-18 'L5FS']
 [1.980629825217e-09 'Amygdala']
 [1.3895083961203227e-06 'L2PC']]","[[6.073318761857084e-14 'Amygdala']
 [2.422183922683916e-13 'L2PC']
 [9.836965917428771e-12 'L5PC']]","['L5FS', 'L5PC', 'L2PC', 'L5IN', 'Amygdala', 'CA1PC']","['L5FS', 'L5PC', 'L2PC', 'Amygdala', 'CA1PC']",[],[]
6.0,5.0,0.0,0.0,0.8571428571428571,0.7142857142857143,0.0,0.0,"[[0.4050144095694028 'L2IN']
 [0.007552714513285574 'L5PC']
 [0.001596352482980394 'L5IN']]","[[0.7354334218926458 'L5IN']
 [0.11713108864844843 'L2IN']
 [0.00034910573866788397 'CA1PC']]","[[7.463739114828852e-20 'L5FS']
 [1.6363950548117037e-12 'Amygdala']
 [4.689192156916417e-06 'L2PC']]","[[2.8932345882379315e-19 'L5FS']
 [1.5525175119320597e-16 'Amygdala']
 [4.960202814299589e-15 'L2PC']]","['L5FS', 'L5PC', 'L2PC', 'L5IN', 'Amygdala', 'CA1PC']","['L5FS', 'L5PC', 'L2PC', 'Amygdala', 'CA1PC']",[],[]
6.0,5.0,0.0,0.0,0.8571428571428571,0.7142857142857143,0.0,0.0,"[[0.7716017639548476 'L2IN']
 [0.010724327494838102 'L5PC']
 [0.0008549173617374864 'L5IN']]","[[0.7785729951496877 'L5IN']
 [0.16004810208873474 'L2IN']
 [0.00014934560790232781 'CA1PC']]","[[6.662148723639957e-20 'L5FS']
 [5.5436553989642815e-15 'Amygdala']
 [1.0296690766182213e-05 'L2PC']]","[[5.197338588414231e-22 'L5FS']
 [2.7199279733002148e-17 'Amygdala']
 [3.2585297259079373e-15 'L2PC']]","['L5FS', 'L5PC', 'L2PC', 'L5IN', 'Amygdala', 'CA1PC']","['L5FS', 'L5PC', 'L2PC', 'Amygdala', 'CA1PC']",[],[]
6.0,5.0,1.0,1.0,0.8571428571428571,0.7142857142857143,0.14285714285714285,0.14285714285714285,"[[0.9218343740135826 'L2IN']
 [0.012578013655243693 'L5PC']
 [0.000858630217347976 'L5IN']]","[[0.8247399744040085 'L5IN']
 [0.20506271163893178 'L2IN']
 [5.3971627095875684e-05 'CA1PC']]","[[6.659988216324111e-20 'L5FS']
 [1.238326787569301e-15 'Amygdala']
 [9.675214401097805e-06 'L2PC']]","[[1.0342738941870265e-23 'L5FS']
 [2.3783888127360322e-17 'Amygdala']
 [1.302138291103775e-15 'L2PC']]","['L5FS', 'L5PC', 'L2PC', 'L5IN', 'Amygdala', 'CA1PC']","['L5FS', 'L5PC', 'L2PC', 'Amygdala', 'CA1PC']",['L2IN'],['L5IN']
6.0,5.0,1.0,1.0,0.8571428571428571,0.7142857142857143,0.14285714285714285,0.14285714285714285,"[[0.9652145422027298 'L2IN']
 [0.010927709053330941 'L5PC']
 [0.0010788468053162838 'CA1PC']]","[[0.8739515779053451 'L5IN']
 [0.2476099046426264 'L2IN']
 [1.765291358449022e-05 'CA1PC']]","[[7.129551770290016e-20 'L5FS']
 [1.153471117022886e-16 'Amygdala']
 [0.00015183745473168914 'L2PC']]","[[1.0230053444265193e-24 'L5FS']
 [1.6578535651310556e-17 'Amygdala']
 [4.2698153875564716e-14 'L2PC']]","['L5FS', 'L5PC', 'L2PC', 'L5IN', 'Amygdala', 'CA1PC']","['L5FS', 'L5PC', 'L2PC', 'Amygdala', 'CA1PC']",['L2IN'],['L5IN']
6.0,5.0,1.0,1.0,0.8571428571428571,0.7142857142857143,0.14285714285714285,0.14285714285714285,"[[0.8615165061772045 'L2IN']
 [0.011205883450933153 'L5PC']
 [0.0027486974748786195 'CA1PC']]","[[0.8986937559325116 'L5IN']
 [0.2873392208425134 'L2IN']
 [5.331671682825142e-06 'CA1PC']]","[[7.638894177029101e-20 'L5FS']
 [1.4675213460830429e-16 'Amygdala']
 [0.0002570699280779756 'L2PC']]","[[2.591333090320827e-25 'L5FS']
 [2.1993479357747772e-17 'Amygdala']
 [2.9490703487831533e-13 'L2PC']]","['L5FS', 'L5PC', 'L2PC', 'L5IN', 'Amygdala', 'CA1PC']","['L5FS', 'L5PC', 'L2PC', 'Amygdala', 'CA1PC']",['L2IN'],['L5IN']
6.0,5.0,0.0,1.0,0.8571428571428571,0.7142857142857143,0.0,0.14285714285714285,"[[0.6489781634700265 'L2IN']
 [0.009235033654782007 'L5PC']
 [0.007086121379498847 'CA1PC']]","[[0.9238526034717374 'L5IN']
 [0.33433838240303393 'L2IN']
 [1.8343796160177287e-06 'CA1PC']]","[[7.828106846928238e-20 'L5FS']
 [7.37514046108766e-16 'Amygdala']
 [0.00027730002192635696 'L2PC']]","[[5.602042346187742e-25 'L5FS']
 [4.6641440180777446e-17 'Amygdala']
 [4.2870864521188206e-13 'L2PC']]","['L5FS', 'L5PC', 'L2PC', 'L5IN', 'Amygdala', 'CA1PC']","['L5FS', 'L5PC', 'L2PC', 'Amygdala', 'CA1PC']",[],['L5IN']
6.0,5.0,0.0,1.0,0.8571428571428571,0.7142857142857143,0.0,0.14285714285714285,"[[0.5051425862495971 'L2IN']
 [0.0212725292587788 'L5PC']
 [0.012756214425024968 'CA1PC']]","[[0.9050282512682633 'L5IN']
 [0.3841130226885582 'L2IN']
 [8.845524772657027e-07 'CA1PC']]","[[9.628587543317367e-20 'L5FS']
 [2.2314022923244632e-14 'Amygdala']
 [8.480395056595508e-06 'L2PC']]","[[4.571513068353872e-24 'L5FS']
 [1.570835448861322e-16 'Amygdala']
 [1.2590325688956068e-14 'L2PC']]","['L5FS', 'L5PC', 'L2PC', 'L5IN', 'Amygdala', 'CA1PC']","['L5FS', 'L5PC', 'L2PC', 'Amygdala', 'CA1PC']",[],['L5IN']
0.0,0.0,7.0,0.0,0.0,0.0,1.0,0.0,"[[1.0 'L5FS']
 [1.0 'L2IN']
 [1.0 'L5PC']]","[[nan 'L5FS']
 [nan 'L2IN']
 [nan 'L5PC']]","[[1.0 'L5FS']
 [1.0 'L2IN']
 [1.0 'L5PC']]","[[nan 'L5FS']
 [nan 'L2IN']
 [nan 'L5PC']]",[],[],"['L5FS', 'L2IN', 'L5PC', 'L2PC', 'L5IN', 'Amygdala', 'CA1PC']",[]
0.0,2.0,2.0,2.0,0.0,0.2857142857142857,0.2857142857142857,0.2857142857142857,"[[0.9792822454151852 'CA1PC']
 [0.837327042025298 'L5IN']
 [0.7594640404548318 'L5FS']]","[[0.9747437289752501 'L5IN']
 [0.9740244501828028 'CA1PC']
 [0.6426234976970057 'L2PC']]","[[0.06692284174200787 'L2IN']
 [0.2045654653300072 'Amygdala']
 [0.25734789990118656 'L5PC']]","[[0.03033254809038217 'Amygdala']
 [0.03034750767845441 'L5PC']
 [0.5024704609899734 'L2IN']]",[],"['L5PC', 'Amygdala']","['L5IN', 'CA1PC']","['L5IN', 'CA1PC']"
5.0,4.0,0.0,0.0,0.7142857142857143,0.5714285714285714,0.0,0.0,"[[0.5681511947235502 'L5FS']
 [0.3102346978736741 'L2IN']
 [0.014949531746240616 'L5PC']]","[[0.28965367241954976 'L5IN']
 [0.22050222035020456 'L2IN']
 [0.2141597418904033 'L5PC']]","[[7.076311227595548e-17 'CA1PC']
 [3.89908089475054e-05 'L2PC']
 [0.0005527677699504227 'L5IN']]","[[3.0247179252397446e-15 'CA1PC']
 [0.00013775947227631579 'L2PC']
 [0.0019092796446764759 'L5FS']]","['L5PC', 'L2PC', 'L5IN', 'Amygdala', 'CA1PC']","['L5FS', 'L2PC', 'Amygdala', 'CA1PC']",[],[]
5.0,4.0,1.0,0.0,0.7142857142857143,0.5714285714285714,0.14285714285714285,0.0,"[[0.8379967468061601 'L2IN']
 [0.7662210461508308 'L5FS']
 [0.007063950645317511 'L5PC']]","[[0.4133093336573068 'L2IN']
 [0.12887799379545076 'Amygdala']
 [0.07337617529245556 'L5FS']]","[[9.054357171824206e-15 'CA1PC']
 [4.960700298072501e-05 'L5IN']
 [6.354326776161554e-05 'L2PC']]","[[2.905752444305703e-10 'CA1PC']
 [0.0009825417799273696 'L2PC']
 [0.019794864062615297 'L5IN']]","['L5PC', 'L2PC', 'L5IN', 'Amygdala', 'CA1PC']","['L5PC', 'L2PC', 'L5IN', 'CA1PC']",['L2IN'],[]
5.0,5.0,1.0,0.0,0.7142857142857143,0.7142857142857143,0.14285714285714285,0.0,"[[0.9099431196250436 'L2IN']
 [0.3698339146315186 'L5FS']
 [0.018537744108717846 'L5PC']]","[[0.7313261915487712 'L2IN']
 [0.7117178534635651 'L5FS']
 [0.00964301755119368 'L2PC']]","[[1.278219028082819e-15 'CA1PC']
 [1.6053453577591546e-05 'L5IN']
 [0.000999886532549234 'Amygdala']]","[[1.402832717045359e-19 'CA1PC']
 [0.0006711008122114064 'L5IN']
 [0.0032271105568619208 'L5PC']]","['L5PC', 'L2PC', 'L5IN', 'Amygdala', 'CA1PC']","['L5PC', 'L2PC', 'L5IN', 'Amygdala', 'CA1PC']",['L2IN'],[]
5.0,5.0,0.0,0.0,0.7142857142857143,0.7142857142857143,0.0,0.0,"[[0.43568181562788777 'L2IN']
 [0.23639190387649522 'L5FS']
 [0.019548260735689032 'L5PC']]","[[0.5980071259860712 'L2IN']
 [0.36088266024162574 'L5FS']
 [0.0068429156637041175 'L2PC']]","[[3.808647809546642e-15 'CA1PC']
 [2.2170214749153623e-05 'L5IN']
 [0.0007446566447044156 'Amygdala']]","[[1.196902156692957e-19 'CA1PC']
 [0.0002568499628979055 'L5IN']
 [0.0035800891920632627 'Amygdala']]","['L5PC', 'L2PC', 'L5IN', 'Amygdala', 'CA1PC']","['L5PC', 'L2PC', 'L5IN', 'Amygdala', 'CA1PC']",[],[]
5.0,5.0,0.0,0.0,0.7142857142857143,0.7142857142857143,0.0,0.0,"[[0.47180590923326815 'L2IN']
 [0.12264505622222616 'L5FS']
 [0.01096620620232814 'L5PC']]","[[0.630462960243727 'L2IN']
 [0.1965254377359197 'L5FS']
 [0.006109353742046039 'L2PC']]","[[3.2961673674683514e-15 'CA1PC']
 [4.3906159369549265e-05 'L5IN']
 [0.0009091986725047266 'Amygdala']]","[[2.664993600040797e-19 'CA1PC']
 [0.0003676832727181045 'L5IN']
 [0.0017814536670228878 'L5PC']]","['L5PC', 'L2PC', 'L5IN', 'Amygdala', 'CA1PC']","['L5PC', 'L2PC', 'L5IN', 'Amygdala', 'CA1PC']",[],[]
5.0,5.0,0.0,0.0,0.7142857142857143,0.7142857142857143,0.0,0.0,"[[0.4904691470104041 'L2IN']
 [0.07530894348935156 'L5FS']
 [0.006578454913354437 'L5PC']]","[[0.7204810789421849 'L2IN']
 [0.11853875464354714 'L5FS']
 [0.009546596256715273 'Amygdala']]","[[2.7007460024738874e-15 'CA1PC']
 [5.18964721760583e-05 'L5IN']
 [0.0013988866199971528 'L2PC']]","[[5.01672559234486e-20 'CA1PC']
 [0.0005534386670435256 'L5IN']
 [0.0007917542312277458 'L5PC']]","['L5PC', 'L2PC', 'L5IN', 'Amygdala', 'CA1PC']","['L5PC', 'L2PC', 'L5IN', 'Amygdala', 'CA1PC']",[],[]
5.0,5.0,0.0,0.0,0.7142857142857143,0.7142857142857143,0.0,0.0,"[[0.5633886917695543 'L2IN']
 [0.06345123781608959 'L5FS']
 [0.006237050559800026 'L5PC']]","[[0.7478851280175562 'L2IN']
 [0.09784376704199052 'L5FS']
 [0.01852956519258017 'Amygdala']]","[[2.2934720067127e-15 'CA1PC']
 [4.926223740661989e-05 'L5IN']
 [0.0011717696845359588 'L2PC']]","[[9.286488569368778e-21 'CA1PC']
 [0.00046362390791034356 'L5IN']
 [0.0008837736564764533 'L5PC']]","['L5PC', 'L2PC', 'L5IN', 'Amygdala', 'CA1PC']","['L5PC', 'L2PC', 'L5IN', 'Amygdala', 'CA1PC']",[],[]
6.0,5.0,0.0,0.0,0.8571428571428571,0.7142857142857143,0.0,0.0,"[[0.5819353023061281 'L2IN']
 [0.03129678619056059 'L5FS']
 [0.004534238369052914 'L5PC']]","[[0.7813170507059921 'L2IN']
 [0.05263539162078919 'L5FS']
 [0.023712061986208642 'Amygdala']]","[[2.056213581423827e-15 'CA1PC']
 [0.00011370656878343527 'L5IN']
 [0.0012347543775716855 'L2PC']]","[[1.0575973295095773e-21 'CA1PC']
 [0.0003791238066415214 'L5PC']
 [0.0011911937690325578 'L5IN']]","['L5FS', 'L5PC', 'L2PC', 'L5IN', 'Amygdala', 'CA1PC']","['L5PC', 'L2PC', 'L5IN', 'Amygdala', 'CA1PC']",[],[]
3.0,5.0,0.0,0.0,0.42857142857142855,0.7142857142857143,0.0,0.0,"[[0.457485955942293 'CA1PC']
 [0.22282884663121472 'L2PC']
 [0.1974020627477283 'L5IN']]","[[0.3507760580775867 'L2PC']
 [0.1479396831625804 'L5IN']
 [0.01014110406177864 'Amygdala']]","[[3.787101988275061e-07 'L5FS']
 [2.410665682695776e-06 'L5PC']
 [0.02027117197303846 'Amygdala']]","[[2.8009330631444274e-19 'L5FS']
 [4.7510224384638085e-05 'CA1PC']
 [0.00011776514129688173 'L2IN']]","['L5FS', 'L5PC', 'Amygdala']","['L5FS', 'L2IN', 'L5PC', 'Amygdala', 'CA1PC']",[],[]
4.0,5.0,0.0,0.0,0.5714285714285714,0.7142857142857143,0.0,0.0,"[[0.38039845703386554 'L2PC']
 [0.1951286515499665 'L5IN']
 [0.06832494828141822 'L2IN']]","[[0.14747552184264673 'L2PC']
 [0.13380083608724555 'L2IN']
 [0.005600584901516263 'L5PC']]","[[1.6344352067461485e-12 'L5FS']
 [7.942117091922557e-08 'Amygdala']
 [5.9422165849199e-07 'L5PC']]","[[2.4525181330855877e-22 'L5FS']
 [2.659255843161847e-13 'CA1PC']
 [4.5175435248942025e-05 'Amygdala']]","['L5FS', 'L5PC', 'Amygdala', 'CA1PC']","['L5FS', 'L5PC', 'L5IN', 'Amygdala', 'CA1PC']",[],[]
5.0,5.0,0.0,0.0,0.7142857142857143,0.7142857142857143,0.0,0.0,"[[0.39056529017372843 'L2IN']
 [0.05962288531330276 'L2PC']
 [0.04558653076804807 'L5IN']]","[[0.35727722414498 'L2IN']
 [0.1916270941451277 'L2PC']
 [0.006748240711008636 'L5PC']]","[[3.987848165783322e-16 'L5FS']
 [6.997492270671057e-10 'Amygdala']
 [2.6724645183807508e-08 'L5PC']]","[[7.451140904270757e-21 'L5FS']
 [3.395112452879806e-13 'CA1PC']
 [5.0842660607023225e-05 'L5IN']]","['L5FS', 'L5PC', 'L5IN', 'Amygdala', 'CA1PC']","['L5FS', 'L5PC', 'L5IN', 'Amygdala', 'CA1PC']",[],[]
4.0,4.0,1.0,1.0,0.5714285714285714,0.5714285714285714,0.14285714285714285,0.14285714285714285,"[[0.9326645771972814 'L2IN']
 [0.20636359096139623 'L2PC']
 [0.09344386985810982 'L5IN']]","[[0.9502282440668243 'L2IN']
 [0.7892247861313568 'L5IN']
 [0.6581235975011399 'L2PC']]","[[3.4485315031670268e-18 'L5FS']
 [5.175373605357571e-11 'Amygdala']
 [7.413839430146261e-09 'L5PC']]","[[2.3025453268227466e-16 'L5FS']
 [8.695757916980412e-10 'CA1PC']
 [0.004363788844955807 'Amygdala']]","['L5FS', 'L5PC', 'Amygdala', 'CA1PC']","['L5FS', 'L5PC', 'Amygdala', 'CA1PC']",['L2IN'],['L2IN']
4.0,4.0,0.0,1.0,0.5714285714285714,0.5714285714285714,0.0,0.14285714285714285,"[[0.6926884723630722 'L2IN']
 [0.22979125097511055 'L2PC']
 [0.055174514832295685 'L5IN']]","[[0.9167088460153578 'L5IN']
 [0.7102795394905916 'L2PC']
 [0.17368363384593677 'L2IN']]","[[1.757478331227763e-18 'L5FS']
 [2.6205409642192175e-10 'Amygdala']
 [1.7107634170088662e-09 'L5PC']]","[[9.150307053633568e-18 'L5FS']
 [0.0019360064696047953 'L5PC']
 [0.0031594642814356698 'CA1PC']]","['L5FS', 'L5PC', 'Amygdala', 'CA1PC']","['L5FS', 'L5PC', 'Amygdala', 'CA1PC']",[],['L5IN']
5.0,4.0,0.0,2.0,0.7142857142857143,0.5714285714285714,0.0,0.2857142857142857,"[[0.44050385755689137 'L2IN']
 [0.23095031286945733 'L2PC']
 [0.017406749223279044 'L5IN']]","[[0.9453393177889948 'L5IN']
 [0.8602316083789037 'L2PC']
 [0.318997079879962 'L2IN']]","[[7.359733054239233e-19 'L5FS']
 [1.1878371476529683e-11 'L5PC']
 [1.8040080399249956e-10 'Amygdala']]","[[2.4575859152408964e-23 'L5FS']
 [2.2410783086779683e-05 'L5PC']
 [0.00049830592222123 'Amygdala']]","['L5FS', 'L5PC', 'L5IN', 'Amygdala', 'CA1PC']","['L5FS', 'L5PC', 'Amygdala', 'CA1PC']",[],"['L2PC', 'L5IN']"
5.0,4.0,0.0,1.0,0.7142857142857143,0.5714285714285714,0.0,0.14285714285714285,"[[0.2853251668614868 'L2IN']
 [0.19021611936544536 'L2PC']
 [0.014583085013580518 'L5IN']]","[[0.8289753322292608 'L2PC']
 [0.7381663785910635 'L5IN']
 [0.35966398778938513 'L2IN']]","[[1.4544731415204607e-18 'L5FS']
 [4.5804976406674494e-12 'L5PC']
 [1.732902174289276e-10 'Amygdala']]","[[9.825309157462788e-17 'L5FS']
 [9.792885245344684e-08 'CA1PC']
 [4.153268631238716e-05 'L5PC']]","['L5FS', 'L5PC', 'L5IN', 'Amygdala', 'CA1PC']","['L5FS', 'L5PC', 'Amygdala', 'CA1PC']",[],['L2PC']
5.0,4.0,0.0,0.0,0.7142857142857143,0.5714285714285714,0.0,0.0,"[[0.23504544606407807 'L2PC']
 [0.22989607705732462 'L2IN']
 [0.009598097359078047 'L5IN']]","[[0.7238040316382389 'L5IN']
 [0.5966522319844481 'L2PC']
 [0.5536332274779674 'L2IN']]","[[9.413856933348496e-19 'L5FS']
 [4.3043260399240615e-12 'L5PC']
 [1.7078773011221458e-09 'Amygdala']]","[[9.09156849936063e-15 'L5FS']
 [0.00032970595954937313 'L5PC']
 [0.010372311801322653 'CA1PC']]","['L5FS', 'L5PC', 'L5IN', 'Amygdala', 'CA1PC']","['L5FS', 'L5PC', 'Amygdala', 'CA1PC']",[],[]
2.0,1.0,1.0,0.0,0.2857142857142857,0.14285714285714285,0.14285714285714285,0.0,"[[0.8245353617602964 'L5IN']
 [0.7518786830857898 'L2IN']
 [0.2735899407905156 'L2PC']]","[[0.6758750632022931 'L2IN']
 [0.5868760574397707 'L5IN']
 [0.48585311436007617 'L2PC']]","[[0.03136400335521926 'L5PC']
 [0.03355009924469157 'CA1PC']
 [0.07830011480843072 'Amygdala']]","[[0.0035506236373891347 'CA1PC']
 [0.0669626539165932 'L5PC']
 [0.11968125558236332 'Amygdala']]","['L5PC', 'CA1PC']",['CA1PC'],['L5IN'],[]
1.0,1.0,1.0,0.0,0.14285714285714285,0.14285714285714285,0.14285714285714285,0.0,"[[0.8856981940456523 'L5IN']
 [0.7789166801915082 'L2IN']
 [0.5353515905350104 'L2PC']]","[[0.7894137265880146 'L5IN']
 [0.755302916783253 'L2IN']
 [0.7384941847265676 'L2PC']]","[[0.03442589557825085 'L5PC']
 [0.05750564996071957 'CA1PC']
 [0.27280616129086377 'L5FS']]","[[0.004968769245067186 'CA1PC']
 [0.09140729168538994 'L5PC']
 [0.3646550418054467 'L5FS']]",['L5PC'],['CA1PC'],['L5IN'],[]
1.0,1.0,1.0,2.0,0.14285714285714285,0.14285714285714285,0.14285714285714285,0.2857142857142857,"[[0.9533913140435993 'Amygdala']
 [0.6063411313235791 'L2PC']
 [0.5894945980316512 'L5FS']]","[[0.9195948343035242 'L2PC']
 [0.86345869486173 'Amygdala']
 [0.6511409452783066 'L5FS']]","[[0.009507708736544425 'CA1PC']
 [0.08163336414235471 'L5PC']
 [0.31782473866546046 'L5IN']]","[[0.00049507523261548 'CA1PC']
 [0.13654299696281513 'L5PC']
 [0.6047069911647618 'L2IN']]",['CA1PC'],['CA1PC'],['Amygdala'],"['L2PC', 'Amygdala']"
1.0,1.0,2.0,1.0,0.14285714285714285,0.14285714285714285,0.2857142857142857,0.14285714285714285,"[[0.968118604647638 'L5FS']
 [0.8737168232444259 'Amygdala']
 [0.6725155970065877 'L2PC']]","[[0.922087802088655 'L5IN']
 [0.7906558201367573 'Amygdala']
 [0.6768941817018495 'L2PC']]","[[0.0030829712672974826 'CA1PC']
 [0.08062451862724837 'L2IN']
 [0.11956438258364285 'L5PC']]","[[2.3290999540766283e-05 'CA1PC']
 [0.18693731883328307 'L2IN']
 [0.23332574060361846 'L5PC']]",['CA1PC'],['CA1PC'],"['L5FS', 'Amygdala']",['L5IN']
1.0,1.0,0.0,2.0,0.14285714285714285,0.14285714285714285,0.0,0.2857142857142857,"[[0.7303016005809304 'L5FS']
 [0.7143108061376989 'Amygdala']
 [0.6551666786658156 'L2PC']]","[[0.9727821932021073 'L5FS']
 [0.846621606302062 'L2PC']
 [0.7090777261839047 'L5IN']]","[[0.00016882529243059907 'CA1PC']
 [0.05924191375545066 'L5PC']
 [0.38908825062120556 'L2IN']]","[[1.5561157931420686e-06 'CA1PC']
 [0.0884156130778973 'L5PC']
 [0.5272276875511568 'L2IN']]",['CA1PC'],['CA1PC'],[],"['L5FS', 'L2PC']"
1.0,1.0,2.0,2.0,0.14285714285714285,0.14285714285714285,0.2857142857142857,0.2857142857142857,"[[0.8656446167655892 'Amygdala']
 [0.840197858906101 'L2PC']
 [0.671084221109324 'L5FS']]","[[0.9153561037736015 'L2PC']
 [0.912254183425526 'L5FS']
 [0.656651004231277 'L5IN']]","[[6.486466014922609e-05 'CA1PC']
 [0.0827955939912875 'L5PC']
 [0.3924468768832722 'L5IN']]","[[6.912998346146696e-07 'CA1PC']
 [0.11055657373053956 'L5PC']
 [0.5171650604468434 'Amygdala']]",['CA1PC'],['CA1PC'],"['L2PC', 'Amygdala']","['L5FS', 'L2PC']"
1.0,1.0,1.0,2.0,0.14285714285714285,0.14285714285714285,0.14285714285714285,0.2857142857142857,"[[0.8063992115762995 'Amygdala']
 [0.7662887159263226 'L2PC']
 [0.5656020314456527 'L5FS']]","[[0.9253252244577723 'L2PC']
 [0.8679570501391819 'L5FS']
 [0.7603428417701701 'L5IN']]","[[9.90493873692247e-06 'CA1PC']
 [0.0574875604957715 'L5PC']
 [0.376466523167997 'L5IN']]","[[1.329448966145191e-07 'CA1PC']
 [0.10619433468665004 'L5PC']
 [0.43823161122023757 'Amygdala']]",['CA1PC'],['CA1PC'],['Amygdala'],"['L5FS', 'L2PC']"
1.0,1.0,0.0,2.0,0.14285714285714285,0.14285714285714285,0.0,0.2857142857142857,"[[0.6768806675884074 'L2PC']
 [0.6408123619461639 'Amygdala']
 [0.5936327957395606 'L5IN']]","[[0.9472103720254075 'L5IN']
 [0.9308964608992862 'L2PC']
 [0.7521925635307825 'L5FS']]","[[2.3346186278147927e-06 'CA1PC']
 [0.06802621655793951 'L5PC']
 [0.2890369104997139 'L2IN']]","[[8.104630386888563e-08 'CA1PC']
 [0.15084871680314205 'L5PC']
 [0.3266737494340721 'Amygdala']]",['CA1PC'],['CA1PC'],[],"['L2PC', 'L5IN']"
1.0,1.0,1.0,1.0,0.14285714285714285,0.14285714285714285,0.14285714285714285,0.14285714285714285,"[[0.8169162465284306 'L2PC']
 [0.627661640068905 'Amygdala']
 [0.45300076660763866 'L5IN']]","[[0.8738813730064657 'L2PC']
 [0.7678169039301912 'L5IN']
 [0.7112278996875869 'L5FS']]","[[1.3462578251298778e-06 'CA1PC']
 [0.10327952447947217 'L5PC']
 [0.2200124769932038 'L2IN']]","[[1.752684350937864e-08 'CA1PC']
 [0.2135668847545635 'L5PC']
 [0.3831221488564305 'L2IN']]",['CA1PC'],['CA1PC'],['L2PC'],['L2PC']
3.0,3.0,1.0,1.0,0.42857142857142855,0.42857142857142855,0.14285714285714285,0.14285714285714285,"[[0.9281695573787709 'L5IN']
 [0.6465607918162994 'L2PC']
 [0.3399875529547486 'L5PC']]","[[0.8581166931724415 'L2PC']
 [0.7646193020918827 'L5IN']
 [0.5123808739000121 'L2IN']]","[[6.672730913300718e-07 'CA1PC']
 [2.0062572597712763e-06 'Amygdala']
 [0.005389618007328357 'L5FS']]","[[3.310950374964294e-11 'CA1PC']
 [1.7419571271130438e-05 'Amygdala']
 [0.007360646564320126 'L5FS']]","['L5FS', 'Amygdala', 'CA1PC']","['L5FS', 'Amygdala', 'CA1PC']",['L5IN'],['L2PC']
2.0,1.0,1.0,0.0,0.2857142857142857,0.14285714285714285,0.14285714285714285,0.0,"[[0.9825054637409028 'L5IN']
 [0.5835798736084199 'L2PC']
 [0.49735297700864656 'L2IN']]","[[0.5537659510047176 'L2IN']
 [0.5036960904788086 'L5IN']
 [0.49403681100117547 'L2PC']]","[[0.00042096871297721294 'CA1PC']
 [0.020987654901520828 'Amygdala']
 [0.06065528328528297 'L5FS']]","[[5.810502694903453e-07 'CA1PC']
 [0.051437793971729276 'Amygdala']
 [0.07895001858080512 'L5FS']]","['Amygdala', 'CA1PC']",['CA1PC'],['L5IN'],[]
