0,1,2,3,0,1,2,3,4,0,1,2,3,4,5,0,1,2,3,4,5,6,0,1,2,3,4,5,6,7,0,1,2,3,4,5,6,7,8,0,1,2,3,4,5,6,7,8,9,0,1,2,3,4,5,6,7,8,9,10
-0.10587490962302659,-0.09594952491347383,0.1014295008704953,-0.009026984022710722,-0.10587490962302659,-0.09594952491347383,0.05342670260826558,-0.009026984022710722,0.20264022009808805,-0.10587490962302659,-0.10992454951803128,0.05342670260826558,-0.009026984022710722,0.20264022009808805,-0.06397636256062267,-0.10587490962302659,-0.10992454951803128,0.05342670260826558,-0.009026984022710722,0.22181170446508505,0.17208566688818666,-0.06397636256062267,-0.10587490962302659,-0.10992454951803128,0.05342670260826558,0.07786820092768866,-0.0744804999593752,0.22181170446508505,0.17208566688818666,-0.06397636256062267,-0.10587490962302659,-0.10992454951803128,0.05366599715194466,0.07786820092768866,-0.0744804999593752,0.22181170446508505,0.17208566688818666,-0.06397636256062267,0.05157216989475281,-0.10587490962302659,-0.10992454951803128,0.05366599715194466,0.07786820092768866,-0.0744804999593752,0.22181170446508505,0.15708730582133035,-0.06397636256062267,0.05157216989475281,0.1890838094306238,-0.10587490962302659,-0.10992454951803128,0.05366599715194466,0.07786820092768866,-0.0744804999593752,0.22181170446508505,0.15708730582133035,-0.06036252546199829,-0.08421385031291917,0.05157216989475281,0.1890838094306238
-0.08094129159222618,-0.09529012172430679,0.11320104792594804,-0.03978669317498683,-0.08094129159222618,-0.09529012172430679,0.07954029029984486,-0.03978669317498683,0.18417252484845476,-0.08094129159222618,-0.09741362125040041,0.07954029029984486,-0.03978669317498683,0.18417252484845476,-0.09043181220248651,-0.08094129159222618,-0.09741362125040041,0.07954029029984486,-0.03978669317498683,0.1189149964663343,0.2881767107074592,-0.09043181220248651,-0.08094129159222618,-0.09741362125040041,0.07954029029984486,-0.046765228961365375,-0.03453013375148092,0.1189149964663343,0.2881767107074592,-0.09043181220248651,-0.08094129159222618,-0.09741362125040041,0.08017782163317783,-0.046765228961365375,-0.03453013375148092,0.1189149964663343,0.2881767107074592,-0.09043181220248651,0.07459942246651421,-0.08094129159222618,-0.09741362125040041,0.08017782163317783,-0.046765228961365375,-0.03453013375148092,0.1189149964663343,0.2414325046084582,-0.09043181220248651,0.07459942246651421,0.34115347761966036,-0.08094129159222618,-0.09741362125040041,0.08017782163317783,-0.046765228961365375,-0.03453013375148092,0.1189149964663343,0.2414325046084582,-0.09097523847568405,-0.0873886250725802,0.07459942246651421,0.34115347761966036
-0.05959488752425278,-0.0909607028432717,0.09160116561658085,-0.01163279702697802,-0.05959488752425278,-0.0909607028432717,0.051913854573383406,-0.01163279702697802,0.17527923106910556,-0.05959488752425278,-0.08604653075387617,0.051913854573383406,-0.01163279702697802,0.17527923106910556,-0.10220373292658576,-0.05959488752425278,-0.08604653075387617,0.051913854573383406,-0.01163279702697802,0.11134935919784526,0.2771674643639267,-0.10220373292658576,-0.05959488752425278,-0.08604653075387617,0.051913854573383406,-0.014277934353382057,-0.009640355923972384,0.11134935919784526,0.2771674643639267,-0.10220373292658576,-0.05959488752425278,-0.08604653075387617,0.052891927478265134,-0.014277934353382057,-0.009640355923972384,0.11134935919784526,0.2771674643639267,-0.10220373292658576,0.04433378956054997,-0.05959488752425278,-0.08604653075387617,0.052891927478265134,-0.014277934353382057,-0.009640355923972384,0.11134935919784526,0.39082990777206067,-0.10220373292658576,0.04433378956054997,0.14835002850137485,-0.05959488752425278,-0.08604653075387617,0.052891927478265134,-0.014277934353382057,-0.009640355923972384,0.11134935919784526,0.39082990777206067,-0.10330589170591893,-0.09603164376232004,0.04433378956054997,0.14835002850137485
0.03380343556085891,0.028886000382921516,-0.023388352954182928,-0.01149926672435757,0.03380343556085891,0.028886000382921516,-0.042893957486225855,-0.01149926672435757,0.01773792166157023,0.03380343556085891,0.026736657854816433,-0.042893957486225855,-0.01149926672435757,0.01773792166157023,0.03380343556085891,0.03380343556085891,0.026736657854816433,-0.042893957486225855,-0.01149926672435757,0.029298877254313616,-0.000687351314364544,0.03380343556085891,0.03380343556085891,0.026736657854816433,-0.042893957486225855,0.013235750684090315,-0.03013083827877286,0.029298877254313616,-0.000687351314364544,0.03380343556085891,0.03380343556085891,0.026736657854816433,0.007999248524713244,0.013235750684090315,-0.03013083827877286,0.029298877254313616,-0.000687351314364544,0.03380343556085891,-0.43731630407100386,0.03380343556085891,0.026736657854816433,0.007999248524713244,0.013235750684090315,-0.03013083827877286,0.029298877254313616,0.0072390000452238,0.03380343556085891,-0.43731630407100386,-0.009670549521898001,0.03380343556085891,0.026736657854816433,0.007999248524713244,0.013235750684090315,-0.03013083827877286,0.029298877254313616,0.0072390000452238,0.03380343556085891,0.03380343556085891,-0.43731630407100386,-0.009670549521898001
0.03258907298701359,-0.014685701759744447,0.01742802588768071,-0.019115609212226756,0.03258907298701359,-0.014685701759744447,9.088316416046294e-05,-0.019115609212226756,0.05398224247341617,0.03258907298701359,-0.003078947674996254,9.088316416046294e-05,-0.019115609212226756,0.05398224247341617,-0.0412405482263653,0.03258907298701359,-0.003078947674996254,9.088316416046294e-05,-0.019115609212226756,0.04820253026173683,0.06319365881078012,-0.0412405482263653,0.03258907298701359,-0.003078947674996254,9.088316416046294e-05,0.0397937269142892,-0.06348887538544658,0.04820253026173683,0.06319365881078012,-0.0412405482263653,0.03258907298701359,-0.003078947674996254,0.013113309732213292,0.0397937269142892,-0.06348887538544658,0.04820253026173683,0.06319365881078012,-0.0412405482263653,-0.10083292273824895,0.03258907298701359,-0.003078947674996254,0.013113309732213292,0.0397937269142892,-0.06348887538544658,0.04820253026173683,0.05911198840069898,-0.0412405482263653,-0.10083292273824895,0.06781955194220543,0.03258907298701359,-0.003078947674996254,0.013113309732213292,0.0397937269142892,-0.06348887538544658,0.04820253026173683,0.05911198840069898,-0.008693759043289272,-0.2235025676515911,-0.10083292273824895,0.06781955194220543
-0.10587490962302659,-0.09594952491347383,0.1014295008704953,-0.009026984022710722,-0.10587490962302659,-0.09594952491347383,0.05342670260826558,-0.009026984022710722,0.20264022009808805,-0.10587490962302659,-0.10992454951803128,0.05342670260826558,-0.009026984022710722,0.20264022009808805,-0.06397636256062267,-0.10587490962302659,-0.10992454951803128,0.05342670260826558,-0.009026984022710722,0.22181170446508505,0.17208566688818666,-0.06397636256062267,-0.10587490962302659,-0.10992454951803128,0.05342670260826558,0.07786820092768866,-0.0744804999593752,0.22181170446508505,0.17208566688818666,-0.06397636256062267,-0.10587490962302659,-0.10992454951803128,0.05366599715194466,0.07786820092768866,-0.0744804999593752,0.22181170446508505,0.17208566688818666,-0.06397636256062267,0.05157216989475281,-0.10587490962302659,-0.10992454951803128,0.05366599715194466,0.07786820092768866,-0.0744804999593752,0.22181170446508505,0.15708730582133035,-0.06397636256062267,0.05157216989475281,0.1890838094306238,-0.10587490962302659,-0.10992454951803128,0.05366599715194466,0.07786820092768866,-0.0744804999593752,0.22181170446508505,0.15708730582133035,-0.06036252546199829,-0.08421385031291917,0.05157216989475281,0.1890838094306238
-0.08094129159222618,-0.09529012172430679,0.11320104792594804,-0.03978669317498683,-0.08094129159222618,-0.09529012172430679,0.07954029029984486,-0.03978669317498683,0.18417252484845476,-0.08094129159222618,-0.09741362125040041,0.07954029029984486,-0.03978669317498683,0.18417252484845476,-0.09043181220248651,-0.08094129159222618,-0.09741362125040041,0.07954029029984486,-0.03978669317498683,0.1189149964663343,0.2881767107074592,-0.09043181220248651,-0.08094129159222618,-0.09741362125040041,0.07954029029984486,-0.046765228961365375,-0.03453013375148092,0.1189149964663343,0.2881767107074592,-0.09043181220248651,-0.08094129159222618,-0.09741362125040041,0.08017782163317783,-0.046765228961365375,-0.03453013375148092,0.1189149964663343,0.2881767107074592,-0.09043181220248651,0.07459942246651421,-0.08094129159222618,-0.09741362125040041,0.08017782163317783,-0.046765228961365375,-0.03453013375148092,0.1189149964663343,0.2414325046084582,-0.09043181220248651,0.07459942246651421,0.34115347761966036,-0.08094129159222618,-0.09741362125040041,0.08017782163317783,-0.046765228961365375,-0.03453013375148092,0.1189149964663343,0.2414325046084582,-0.09097523847568405,-0.0873886250725802,0.07459942246651421,0.34115347761966036
-0.05959488752425278,-0.0909607028432717,0.09160116561658085,-0.01163279702697802,-0.05959488752425278,-0.0909607028432717,0.051913854573383406,-0.01163279702697802,0.17527923106910556,-0.05959488752425278,-0.08604653075387617,0.051913854573383406,-0.01163279702697802,0.17527923106910556,-0.10220373292658576,-0.05959488752425278,-0.08604653075387617,0.051913854573383406,-0.01163279702697802,0.11134935919784526,0.2771674643639267,-0.10220373292658576,-0.05959488752425278,-0.08604653075387617,0.051913854573383406,-0.014277934353382057,-0.009640355923972384,0.11134935919784526,0.2771674643639267,-0.10220373292658576,-0.05959488752425278,-0.08604653075387617,0.052891927478265134,-0.014277934353382057,-0.009640355923972384,0.11134935919784526,0.2771674643639267,-0.10220373292658576,0.04433378956054997,-0.05959488752425278,-0.08604653075387617,0.052891927478265134,-0.014277934353382057,-0.009640355923972384,0.11134935919784526,0.39082990777206067,-0.10220373292658576,0.04433378956054997,0.14835002850137485,-0.05959488752425278,-0.08604653075387617,0.052891927478265134,-0.014277934353382057,-0.009640355923972384,0.11134935919784526,0.39082990777206067,-0.10330589170591893,-0.09603164376232004,0.04433378956054997,0.14835002850137485
-0.031683779390761384,-0.03096156444694129,0.028066226243968605,0.005283263039126314,-0.031683779390761384,-0.03096156444694129,0.017492358698680575,0.005283263039126314,0.05036052528523855,-0.031683779390761384,-0.034487330076719135,0.017492358698680575,0.005283263039126314,0.05036052528523855,-0.022895040051540465,-0.031683779390761384,-0.034487330076719135,0.017492358698680575,0.005283263039126314,0.04224691462632386,0.06329159227288386,-0.022895040051540465,-0.031683779390761384,-0.034487330076719135,0.017492358698680575,0.01156245244040912,0.0005534840095886149,0.04224691462632386,0.06329159227288386,-0.022895040051540465,-0.031683779390761384,-0.034487330076719135,0.019437456577526744,0.01156245244040912,0.0005534840095886149,0.04224691462632386,0.06329159227288386,-0.022895040051540465,0.002417850137622745,-0.031683779390761384,-0.034487330076719135,0.019437456577526744,0.01156245244040912,0.0005534840095886149,0.04224691462632386,0.06350686780005317,-0.022895040051540465,0.002417850137622745,0.06304761334209198,-0.031683779390761384,-0.034487330076719135,0.019437456577526744,0.01156245244040912,0.0005534840095886149,0.04224691462632386,0.06350686780005317,-0.022270488709112114,-0.026392527569139214,0.002417850137622745,0.06304761334209198
-0.029028110137472016,-0.033846183376584196,0.02944273821886664,0.006522160204537705,-0.029028110137472016,-0.033846183376584196,0.017541571565263515,0.006522160204537705,0.05453555947646358,-0.029028110137472016,-0.03421974237634054,0.017541571565263515,0.006522160204537705,0.05453555947646358,-0.03299152566502045,-0.029028110137472016,-0.03421974237634054,0.017541571565263515,0.006522160204537705,0.04635142326806076,0.06757902655860559,-0.03299152566502045,-0.029028110137472016,-0.03421974237634054,0.017541571565263515,0.01130280498402479,0.0029211550459630167,0.04635142326806076,0.06757902655860559,-0.03299152566502045,-0.029028110137472016,-0.03421974237634054,0.019320547297232565,0.01130280498402479,0.0029211550459630167,0.04635142326806076,0.06757902655860559,-0.03299152566502045,0.0037545096425033683,-0.029028110137472016,-0.03421974237634054,0.019320547297232565,0.01130280498402479,0.0029211550459630167,0.04635142326806076,0.06360174358753774,-0.03299152566502045,0.0037545096425033683,0.0720866139258158,-0.029028110137472016,-0.03421974237634054,0.019320547297232565,0.01130280498402479,0.0029211550459630167,0.04635142326806076,0.06360174358753774,-0.03278967709782217,-0.03412187764133078,0.0037545096425033683,0.0720866139258158
-0.02604032002250703,-0.03856303567315058,0.031132416980400302,0.010011760303764335,-0.02604032002250703,-0.03856303567315058,0.02282312147154658,0.010011760303764335,0.04865201594485092,-0.02604032002250703,-0.03739165529361861,0.02282312147154658,0.010011760303764335,0.04865201594485092,-0.04124301199601918,-0.02604032002250703,-0.03739165529361861,0.02282312147154658,0.010011760303764335,0.03933870105569156,0.06349511154944865,-0.04124301199601918,-0.02604032002250703,-0.03739165529361861,0.02282312147154658,0.015986229294023383,0.0055115109344782975,0.03933870105569156,0.06349511154944865,-0.04124301199601918,-0.02604032002250703,-0.03739165529361861,0.025075692553986003,0.015986229294023383,0.0055115109344782975,0.03933870105569156,0.06349511154944865,-0.04124301199601918,0.0053656955826410675,-0.02604032002250703,-0.03739165529361861,0.025075692553986003,0.015986229294023383,0.0055115109344782975,0.03933870105569156,0.08034192769750326,-0.04124301199601918,0.0053656955826410675,0.04440205324832007,-0.02604032002250703,-0.03739165529361861,0.025075692553986003,0.015986229294023383,0.0055115109344782975,0.03933870105569156,0.08034192769750326,-0.04151837937991671,-0.03970095464619301,0.0053656955826410675,0.04440205324832007
-0.022052072699721613,-0.03900148711623639,0.029515412386042935,0.012654645510469322,-0.022052072699721613,-0.03900148711623639,0.020411540935533642,0.012654645510469322,0.04871032207085169,-0.022052072699721613,-0.03764344016701337,0.020411540935533642,0.012654645510469322,0.04871032207085169,-0.042108533924307245,-0.022052072699721613,-0.03764344016701337,0.020411540935533642,0.012654645510469322,0.042015146003335495,0.05938075892845563,-0.042108533924307245,-0.022052072699721613,-0.03764344016701337,0.020411540935533642,0.017483605626577102,0.009017246981453073,0.042015146003335495,0.05938075892845563,-0.042108533924307245,-0.022052072699721613,-0.03764344016701337,0.022110454731196078,0.017483605626577102,0.009017246981453073,0.042015146003335495,0.05938075892845563,-0.042108533924307245,0.007244959019149766,-0.022052072699721613,-0.03764344016701337,0.022110454731196078,0.017483605626577102,0.009017246981453073,0.042015146003335495,0.07303853710011356,-0.042108533924307245,0.007244959019149766,0.043901943667243315,-0.022052072699721613,-0.03764344016701337,0.022110454731196078,0.017483605626577102,0.009017246981453073,0.042015146003335495,0.07303853710011356,-0.042337282529715706,-0.04082754173401985,0.007244959019149766,0.043901943667243315
-0.01943517602078769,-0.03813503232342845,0.028083340527443084,0.013242755725291745,-0.01943517602078769,-0.03813503232342845,0.021657920209308967,0.013242755725291745,0.04163091348736442,-0.01943517602078769,-0.03705672410031659,0.021657920209308967,0.013242755725291745,0.04163091348736442,-0.04060207083388135,-0.01943517602078769,-0.03705672410031659,0.021657920209308967,0.013242755725291745,0.034503864561961854,0.05298964771222476,-0.04060207083388135,-0.01943517602078769,-0.03705672410031659,0.021657920209308967,0.01758826739354604,0.009969513169983317,0.034503864561961854,0.05298964771222476,-0.04060207083388135,-0.01943517602078769,-0.03705672410031659,0.022445540919533657,0.01758826739354604,0.009969513169983317,0.034503864561961854,0.05298964771222476,-0.04060207083388135,0.01555385970506761,-0.01943517602078769,-0.03705672410031659,0.022445540919533657,0.01758826739354604,0.009969513169983317,0.034503864561961854,0.06331529358793453,-0.04060207083388135,0.01555385970506761,0.04128724905308701,-0.01943517602078769,-0.03705672410031659,0.022445540919533657,0.01758826739354604,0.009969513169983317,0.034503864561961854,0.06331529358793453,-0.04062850543972331,-0.0404540370411664,0.01555385970506761,0.04128724905308701
-0.015258062835246031,-0.03799592343044212,0.026916125217213593,0.01404310762177358,-0.015258062835246031,-0.03799592343044212,0.02086282596512956,0.01404310762177358,0.039679105567993186,-0.015258062835246031,-0.03685189537213333,0.02086282596512956,0.01404310762177358,0.039679105567993186,-0.040613320957784964,-0.015258062835246031,-0.03685189537213333,0.02086282596512956,0.01404310762177358,0.03353585360894508,0.0494699133777261,-0.040613320957784964,-0.015258062835246031,-0.03685189537213333,0.02086282596512956,0.018991613415350224,0.01031566169933923,0.03353585360894508,0.0494699133777261,-0.040613320957784964,-0.015258062835246031,-0.03685189537213333,0.022667242567206553,0.018991613415350224,0.01031566169933923,0.03353585360894508,0.0494699133777261,-0.040613320957784964,0.006878597299032864,-0.015258062835246031,-0.03685189537213333,0.022667242567206553,0.018991613415350224,0.01031566169933923,0.03353585360894508,0.05626875710554286,-0.040613320957784964,0.006878597299032864,0.0417645571528671,-0.015258062835246031,-0.03685189537213333,0.022667242567206553,0.018991613415350224,0.01031566169933923,0.03353585360894508,0.05626875710554286,-0.040374008123813594,-0.041953472828024675,0.006878597299032864,0.0417645571528671
-0.010674764136439628,-0.03789750296639337,0.02642497070001467,0.013499492625368347,-0.010674764136439628,-0.03789750296639337,0.020716369932412746,0.013499492625368347,0.03846117713772958,-0.010674764136439628,-0.036596360253062024,0.020716369932412746,0.013499492625368347,0.03846117713772958,-0.0408743597802272,-0.010674764136439628,-0.036596360253062024,0.020716369932412746,0.013499492625368347,0.033887291389170356,0.04575080754949584,-0.0408743597802272,-0.010674764136439628,-0.036596360253062024,0.020716369932412746,0.016050909397916202,0.01157764622526737,0.033887291389170356,0.04575080754949584,-0.0408743597802272,-0.010674764136439628,-0.036596360253062024,0.022722950115639882,0.016050909397916202,0.01157764622526737,0.033887291389170356,0.04575080754949584,-0.0408743597802272,0.0051653735124024104,-0.010674764136439628,-0.036596360253062024,0.022722950115639882,0.016050909397916202,0.01157764622526737,0.033887291389170356,0.062022575819562276,-0.0408743597802272,0.0051653735124024104,0.027309470176753885,-0.010674764136439628,-0.036596360253062024,0.022722950115639882,0.016050909397916202,0.01157764622526737,0.033887291389170356,0.062022575819562276,-0.04078158788534324,-0.04139388239157742,0.0051653735124024104,0.027309470176753885
-0.004100167742152503,-0.03719764954653811,0.024260510618972914,0.014611738917390397,-0.004100167742152503,-0.03719764954653811,0.019930444587574196,0.014611738917390397,0.03339016791409068,-0.004100167742152503,-0.036044312653971324,0.019930444587574196,0.014611738917390397,0.03339016791409068,-0.0398363445583197,-0.004100167742152503,-0.036044312653971324,0.019930444587574196,0.014611738917390397,0.03200919641203234,0.03559109124549617,-0.0398363445583197,-0.004100167742152503,-0.036044312653971324,0.019930444587574196,0.016565242206911596,0.013140268907101705,0.03200919641203234,0.03559109124549617,-0.0398363445583197,-0.004100167742152503,-0.036044312653971324,0.02143771488615866,0.016565242206911596,0.013140268907101705,0.03200919641203234,0.03559109124549617,-0.0398363445583197,0.008249099773544608,-0.004100167742152503,-0.036044312653971324,0.02143771488615866,0.016565242206911596,0.013140268907101705,0.03200919641203234,0.040800819074897285,-0.0398363445583197,0.008249099773544608,0.02968673303884157,-0.004100167742152503,-0.036044312653971324,0.02143771488615866,0.016565242206911596,0.013140268907101705,0.03200919641203234,0.040800819074897285,-0.039726954167194205,-0.04044893074862245,0.008249099773544608,0.02968673303884157
0.015236263350382072,0.013565480808557231,-0.012994431332703317,-0.0013730394243286273,0.015236263350382072,0.013565480808557231,-0.024383065620248476,-0.0013730394243286273,0.011017749394048528,0.015236263350382072,0.012936107401868109,-0.024383065620248476,-0.0013730394243286273,0.011017749394048528,0.015005410875376284,0.015236263350382072,0.012936107401868109,-0.024383065620248476,-0.0013730394243286273,0.010275158600672015,0.012201253470992348,0.015005410875376284,0.015236263350382072,0.012936107401868109,-0.024383065620248476,0.006198900228650599,-0.0070765783837155784,0.010275158600672015,0.012201253470992348,0.015005410875376284,0.015236263350382072,0.012936107401868109,-0.01628641539013177,0.006198900228650599,-0.0070765783837155784,0.010275158600672015,0.012201253470992348,0.015005410875376284,-0.08713210490365299,0.015236263350382072,0.012936107401868109,-0.01628641539013177,0.006198900228650599,-0.0070765783837155784,0.010275158600672015,0.01523626335038207,0.015005410875376284,-0.08713210490365299,0.008761575607683992,0.015236263350382072,0.012936107401868109,-0.01628641539013177,0.006198900228650599,-0.0070765783837155784,0.010275158600672015,0.01523626335038207,0.01496418721912525,0.015236263350382074,-0.08713210490365299,0.008761575607683992
0.021910408516797684,0.01720786283236442,-0.017726854573637863,-0.00011173101318236823,0.021910408516797684,0.01720786283236442,-0.02457697188858451,-0.00011173101318236823,-0.0032838361385093885,0.021910408516797684,0.015741734549244265,-0.02457697188858451,-0.00011173101318236823,-0.0032838361385093885,0.020562186631624173,0.021910408516797684,0.015741734549244265,-0.02457697188858451,-0.00011173101318236823,-0.0008340578458697394,-0.00718817029240383,0.020562186631624173,0.021910408516797684,0.015741734549244265,-0.02457697188858451,0.0018544405382914493,-0.001592743350656152,-0.0008340578458697394,-0.00718817029240383,0.020562186631624173,0.021910408516797684,0.015741734549244265,-0.01806073819433076,0.0018544405382914493,-0.001592743350656152,-0.0008340578458697394,-0.00718817029240383,0.020562186631624173,-0.07507778301905108,0.021910408516797684,0.015741734549244265,-0.01806073819433076,0.0018544405382914493,-0.001592743350656152,-0.0008340578458697394,-0.0018274923889760623,0.020562186631624173,-0.07507778301905108,-0.013263605249621968,0.021910408516797684,0.015741734549244265,-0.01806073819433076,0.0018544405382914493,-0.001592743350656152,-0.0008340578458697394,-0.0018274923889760623,0.02232000483285108,0.010718404704753475,-0.07507778301905108,-0.013263605249621968
0.0061010805458517415,-0.007413949190138232,0.004494460918029115,0.001565288267557512,0.0061010805458517415,-0.007413949190138232,-0.002852405541572137,0.001565288267557512,0.019984842007549825,0.0061010805458517415,-0.009454882111751965,-0.002852405541572137,0.001565288267557512,0.019984842007549825,-0.002744542051294691,0.0061010805458517415,-0.009454882111751965,-0.002852405541572137,0.001565288267557512,0.012634220329903103,0.03169989530629928,-0.002744542051294691,0.0061010805458517415,-0.009454882111751965,-0.002852405541572137,9.900384707104745e-05,0.002669762246625239,0.012634220329903103,0.03169989530629928,-0.002744542051294691,0.0061010805458517415,-0.009454882111751965,0.0009565056119976769,9.900384707104745e-05,0.002669762246625239,0.012634220329903103,0.03169989530629928,-0.002744542051294691,-0.03237146698173819,0.0061010805458517415,-0.009454882111751965,0.0009565056119976769,9.900384707104745e-05,0.002669762246625239,0.012634220329903103,0.03281028395388032,-0.002744542051294691,-0.03237146698173819,0.03044145483904079,0.0061010805458517415,-0.009454882111751965,0.0009565056119976769,9.900384707104745e-05,0.002669762246625239,0.012634220329903103,0.03281028395388032,-0.003007234864620978,-0.0012734622966674887,-0.03237146698173819,0.03044145483904079
-0.031683779390761384,-0.03096156444694129,0.028066226243968605,0.005283263039126314,-0.031683779390761384,-0.03096156444694129,0.017492358698680575,0.005283263039126314,0.05036052528523855,-0.031683779390761384,-0.034487330076719135,0.017492358698680575,0.005283263039126314,0.05036052528523855,-0.022895040051540465,-0.031683779390761384,-0.034487330076719135,0.017492358698680575,0.005283263039126314,0.04224691462632386,0.06329159227288386,-0.022895040051540465,-0.031683779390761384,-0.034487330076719135,0.017492358698680575,0.01156245244040912,0.0005534840095886149,0.04224691462632386,0.06329159227288386,-0.022895040051540465,-0.031683779390761384,-0.034487330076719135,0.019437456577526744,0.01156245244040912,0.0005534840095886149,0.04224691462632386,0.06329159227288386,-0.022895040051540465,0.002417850137622745,-0.031683779390761384,-0.034487330076719135,0.019437456577526744,0.01156245244040912,0.0005534840095886149,0.04224691462632386,0.06350686780005317,-0.022895040051540465,0.002417850137622745,0.06304761334209198,-0.031683779390761384,-0.034487330076719135,0.019437456577526744,0.01156245244040912,0.0005534840095886149,0.04224691462632386,0.06350686780005317,-0.022270488709112114,-0.026392527569139214,0.002417850137622745,0.06304761334209198
-0.029028110137472016,-0.033846183376584196,0.02944273821886664,0.006522160204537705,-0.029028110137472016,-0.033846183376584196,0.017541571565263515,0.006522160204537705,0.05453555947646358,-0.029028110137472016,-0.03421974237634054,0.017541571565263515,0.006522160204537705,0.05453555947646358,-0.03299152566502045,-0.029028110137472016,-0.03421974237634054,0.017541571565263515,0.006522160204537705,0.04635142326806076,0.06757902655860559,-0.03299152566502045,-0.029028110137472016,-0.03421974237634054,0.017541571565263515,0.01130280498402479,0.0029211550459630167,0.04635142326806076,0.06757902655860559,-0.03299152566502045,-0.029028110137472016,-0.03421974237634054,0.019320547297232565,0.01130280498402479,0.0029211550459630167,0.04635142326806076,0.06757902655860559,-0.03299152566502045,0.0037545096425033683,-0.029028110137472016,-0.03421974237634054,0.019320547297232565,0.01130280498402479,0.0029211550459630167,0.04635142326806076,0.06360174358753774,-0.03299152566502045,0.0037545096425033683,0.0720866139258158,-0.029028110137472016,-0.03421974237634054,0.019320547297232565,0.01130280498402479,0.0029211550459630167,0.04635142326806076,0.06360174358753774,-0.03278967709782217,-0.03412187764133078,0.0037545096425033683,0.0720866139258158
-0.02604032002250703,-0.03856303567315058,0.031132416980400302,0.010011760303764335,-0.02604032002250703,-0.03856303567315058,0.02282312147154658,0.010011760303764335,0.04865201594485092,-0.02604032002250703,-0.03739165529361861,0.02282312147154658,0.010011760303764335,0.04865201594485092,-0.04124301199601918,-0.02604032002250703,-0.03739165529361861,0.02282312147154658,0.010011760303764335,0.03933870105569156,0.06349511154944865,-0.04124301199601918,-0.02604032002250703,-0.03739165529361861,0.02282312147154658,0.015986229294023383,0.0055115109344782975,0.03933870105569156,0.06349511154944865,-0.04124301199601918,-0.02604032002250703,-0.03739165529361861,0.025075692553986003,0.015986229294023383,0.0055115109344782975,0.03933870105569156,0.06349511154944865,-0.04124301199601918,0.0053656955826410675,-0.02604032002250703,-0.03739165529361861,0.025075692553986003,0.015986229294023383,0.0055115109344782975,0.03933870105569156,0.08034192769750326,-0.04124301199601918,0.0053656955826410675,0.04440205324832007,-0.02604032002250703,-0.03739165529361861,0.025075692553986003,0.015986229294023383,0.0055115109344782975,0.03933870105569156,0.08034192769750326,-0.04151837937991671,-0.03970095464619301,0.0053656955826410675,0.04440205324832007
-0.022052072699721613,-0.03900148711623639,0.029515412386042935,0.012654645510469322,-0.022052072699721613,-0.03900148711623639,0.020411540935533642,0.012654645510469322,0.04871032207085169,-0.022052072699721613,-0.03764344016701337,0.020411540935533642,0.012654645510469322,0.04871032207085169,-0.042108533924307245,-0.022052072699721613,-0.03764344016701337,0.020411540935533642,0.012654645510469322,0.042015146003335495,0.05938075892845563,-0.042108533924307245,-0.022052072699721613,-0.03764344016701337,0.020411540935533642,0.017483605626577102,0.009017246981453073,0.042015146003335495,0.05938075892845563,-0.042108533924307245,-0.022052072699721613,-0.03764344016701337,0.022110454731196078,0.017483605626577102,0.009017246981453073,0.042015146003335495,0.05938075892845563,-0.042108533924307245,0.007244959019149766,-0.022052072699721613,-0.03764344016701337,0.022110454731196078,0.017483605626577102,0.009017246981453073,0.042015146003335495,0.07303853710011356,-0.042108533924307245,0.007244959019149766,0.043901943667243315,-0.022052072699721613,-0.03764344016701337,0.022110454731196078,0.017483605626577102,0.009017246981453073,0.042015146003335495,0.07303853710011356,-0.042337282529715706,-0.04082754173401985,0.007244959019149766,0.043901943667243315
-0.01943517602078769,-0.03813503232342845,0.028083340527443084,0.013242755725291745,-0.01943517602078769,-0.03813503232342845,0.021657920209308967,0.013242755725291745,0.04163091348736442,-0.01943517602078769,-0.03705672410031659,0.021657920209308967,0.013242755725291745,0.04163091348736442,-0.04060207083388135,-0.01943517602078769,-0.03705672410031659,0.021657920209308967,0.013242755725291745,0.034503864561961854,0.05298964771222476,-0.04060207083388135,-0.01943517602078769,-0.03705672410031659,0.021657920209308967,0.01758826739354604,0.009969513169983317,0.034503864561961854,0.05298964771222476,-0.04060207083388135,-0.01943517602078769,-0.03705672410031659,0.022445540919533657,0.01758826739354604,0.009969513169983317,0.034503864561961854,0.05298964771222476,-0.04060207083388135,0.01555385970506761,-0.01943517602078769,-0.03705672410031659,0.022445540919533657,0.01758826739354604,0.009969513169983317,0.034503864561961854,0.06331529358793453,-0.04060207083388135,0.01555385970506761,0.04128724905308701,-0.01943517602078769,-0.03705672410031659,0.022445540919533657,0.01758826739354604,0.009969513169983317,0.034503864561961854,0.06331529358793453,-0.04062850543972331,-0.0404540370411664,0.01555385970506761,0.04128724905308701
-0.015258062835246031,-0.03799592343044212,0.026916125217213593,0.01404310762177358,-0.015258062835246031,-0.03799592343044212,0.02086282596512956,0.01404310762177358,0.039679105567993186,-0.015258062835246031,-0.03685189537213333,0.02086282596512956,0.01404310762177358,0.039679105567993186,-0.040613320957784964,-0.015258062835246031,-0.03685189537213333,0.02086282596512956,0.01404310762177358,0.03353585360894508,0.0494699133777261,-0.040613320957784964,-0.015258062835246031,-0.03685189537213333,0.02086282596512956,0.018991613415350224,0.01031566169933923,0.03353585360894508,0.0494699133777261,-0.040613320957784964,-0.015258062835246031,-0.03685189537213333,0.022667242567206553,0.018991613415350224,0.01031566169933923,0.03353585360894508,0.0494699133777261,-0.040613320957784964,0.006878597299032864,-0.015258062835246031,-0.03685189537213333,0.022667242567206553,0.018991613415350224,0.01031566169933923,0.03353585360894508,0.05626875710554286,-0.040613320957784964,0.006878597299032864,0.0417645571528671,-0.015258062835246031,-0.03685189537213333,0.022667242567206553,0.018991613415350224,0.01031566169933923,0.03353585360894508,0.05626875710554286,-0.040374008123813594,-0.041953472828024675,0.006878597299032864,0.0417645571528671
-0.010674764136439628,-0.03789750296639337,0.02642497070001467,0.013499492625368347,-0.010674764136439628,-0.03789750296639337,0.020716369932412746,0.013499492625368347,0.03846117713772958,-0.010674764136439628,-0.036596360253062024,0.020716369932412746,0.013499492625368347,0.03846117713772958,-0.0408743597802272,-0.010674764136439628,-0.036596360253062024,0.020716369932412746,0.013499492625368347,0.033887291389170356,0.04575080754949584,-0.0408743597802272,-0.010674764136439628,-0.036596360253062024,0.020716369932412746,0.016050909397916202,0.01157764622526737,0.033887291389170356,0.04575080754949584,-0.0408743597802272,-0.010674764136439628,-0.036596360253062024,0.022722950115639882,0.016050909397916202,0.01157764622526737,0.033887291389170356,0.04575080754949584,-0.0408743597802272,0.0051653735124024104,-0.010674764136439628,-0.036596360253062024,0.022722950115639882,0.016050909397916202,0.01157764622526737,0.033887291389170356,0.062022575819562276,-0.0408743597802272,0.0051653735124024104,0.027309470176753885,-0.010674764136439628,-0.036596360253062024,0.022722950115639882,0.016050909397916202,0.01157764622526737,0.033887291389170356,0.062022575819562276,-0.04078158788534324,-0.04139388239157742,0.0051653735124024104,0.027309470176753885
-0.004100167742152503,-0.03719764954653811,0.024260510618972914,0.014611738917390397,-0.004100167742152503,-0.03719764954653811,0.019930444587574196,0.014611738917390397,0.03339016791409068,-0.004100167742152503,-0.036044312653971324,0.019930444587574196,0.014611738917390397,0.03339016791409068,-0.0398363445583197,-0.004100167742152503,-0.036044312653971324,0.019930444587574196,0.014611738917390397,0.03200919641203234,0.03559109124549617,-0.0398363445583197,-0.004100167742152503,-0.036044312653971324,0.019930444587574196,0.016565242206911596,0.013140268907101705,0.03200919641203234,0.03559109124549617,-0.0398363445583197,-0.004100167742152503,-0.036044312653971324,0.02143771488615866,0.016565242206911596,0.013140268907101705,0.03200919641203234,0.03559109124549617,-0.0398363445583197,0.008249099773544608,-0.004100167742152503,-0.036044312653971324,0.02143771488615866,0.016565242206911596,0.013140268907101705,0.03200919641203234,0.040800819074897285,-0.0398363445583197,0.008249099773544608,0.02968673303884157,-0.004100167742152503,-0.036044312653971324,0.02143771488615866,0.016565242206911596,0.013140268907101705,0.03200919641203234,0.040800819074897285,-0.039726954167194205,-0.04044893074862245,0.008249099773544608,0.02968673303884157
-0.18921926754716495,-0.20341234685989845,0.2226035234248772,-0.04379020993097011,-0.18921926754716495,-0.20341234685989845,-0.006649736616240543,-0.04379020993097011,0.7059688307404868,-0.18921926754716495,-0.18765665851207816,-0.006649736616240543,-0.04379020993097011,0.7059688307404868,-0.23945945201930546,-0.18921926754716495,-0.18765665851207816,-0.006649736616240543,-0.04379020993097011,0.8125022538363511,0.5361811876814533,-0.23945945201930546,-0.18921926754716495,-0.18765665851207816,-0.006649736616240543,-0.03493842321367335,-0.05045778953620663,0.8125022538363511,0.5361811876814533,-0.23945945201930546,-0.18921926754716495,-0.18765665851207816,-0.0064479228043275395,-0.03493842321367335,-0.05045778953620663,0.8125022538363511,0.5361811876814533,-0.23945945201930546,-0.008213793658566306,-0.18921926754716495,-0.18765665851207816,-0.0064479228043275395,-0.03493842321367335,-0.05045778953620663,0.8125022538363511,0.47410719657913347,-0.23945945201930546,-0.008213793658566306,0.606531710930749,-0.18921926754716495,-0.18765665851207816,-0.0064479228043275395,-0.03493842321367335,-0.05045778953620663,0.8125022538363511,0.47410719657913347,-0.24339912315232168,-0.21739729367441457,-0.008213793658566306,0.606531710930749
-0.18590221639008947,-0.2132251581725028,0.19579082791960006,0.022266756736220653,-0.18590221639008947,-0.2132251581725028,0.05958074408301017,0.022266756736220653,0.48298076371963894,-0.18590221639008947,-0.19488458595771446,0.05958074408301017,0.022266756736220653,0.48298076371963894,-0.255186164300276,-0.18590221639008947,-0.19488458595771446,0.05958074408301017,0.022266756736220653,0.12395931057054899,1.0551712046760011,-0.255186164300276,-0.18590221639008947,-0.19488458595771446,0.05958074408301017,0.015041945373334198,0.027708822438135126,0.12395931057054899,1.0551712046760011,-0.255186164300276,-0.18590221639008947,-0.19488458595771446,0.05808830834264577,0.015041945373334198,0.027708822438135126,0.12395931057054899,1.0551712046760011,-0.255186164300276,0.07114712107083432,-0.18590221639008947,-0.19488458595771446,0.05808830834264577,0.015041945373334198,0.027708822438135126,0.12395931057054899,0.7878513527955664,-0.255186164300276,0.07114712107083432,1.358133703473827,-0.18590221639008947,-0.19488458595771446,0.05808830834264577,0.015041945373334198,0.027708822438135126,0.12395931057054899,0.7878513527955664,-0.2608640942633388,-0.22338975650712486,0.07114712107083432,1.358133703473827
-0.17526719263789875,-0.2210238423710306,0.18799986757981174,0.0466194701614836,-0.17526719263789875,-0.2210238423710306,0.07947823856592447,0.0466194701614836,0.41681053116330896,-0.17526719263789875,-0.20213512367495182,0.07947823856592447,0.0466194701614836,0.41681053116330896,-0.2642389412059987,-0.17526719263789875,-0.20213512367495182,0.07947823856592447,0.0466194701614836,0.1665848607857729,0.8156076933275072,-0.2642389412059987,-0.17526719263789875,-0.20213512367495182,0.07947823856592447,0.04431664083628409,0.048354068873971534,0.1665848607857729,0.8156076933275072,-0.2642389412059987,-0.17526719263789875,-0.20213512367495182,0.0772460894594727,0.04431664083628409,0.048354068873971534,0.1665848607857729,0.8156076933275072,-0.2642389412059987,0.0967773941409256,-0.17526719263789875,-0.20213512367495182,0.0772460894594727,0.04431664083628409,0.048354068873971534,0.1665848607857729,1.414513946796892,-0.2642389412059987,0.0967773941409256,0.13684727272887123,-0.17526719263789875,-0.20213512367495182,0.0772460894594727,0.04431664083628409,0.048354068873971534,0.1665848607857729,1.414513946796892,-0.2700156292048459,-0.23188948841245444,0.0967773941409256,0.13684727272887123
-0.07490034566410649,-0.07759710245040767,0.0676671802673272,0.017048534841986904,-0.07490034566410649,-0.07759710245040767,0.03860166571981872,0.017048534841986904,0.12894989166267637,-0.07490034566410649,-0.07246116351910464,0.03860166571981872,0.017048534841986904,0.12894989166267637,-0.08934750818717666,-0.07490034566410649,-0.07246116351910464,0.03860166571981872,0.017048534841986904,0.11143465416344084,0.156864801427083,-0.08934750818717666,-0.07490034566410649,-0.07246116351910464,0.03860166571981872,0.038284279698692955,0.001052778975896633,0.11143465416344084,0.156864801427083,-0.08934750818717666,-0.07490034566410649,-0.07246116351910464,0.04171669753441576,0.038284279698692955,0.001052778975896633,0.11143465416344084,0.156864801427083,-0.08934750818717666,0.014460169156691668,-0.07490034566410649,-0.07246116351910464,0.04171669753441576,0.038284279698692955,0.001052778975896633,0.11143465416344084,0.15009078949165341,-0.08934750818717666,0.014460169156691668,0.16454201495390317,-0.07490034566410649,-0.07246116351910464,0.04171669753441576,0.038284279698692955,0.001052778975896633,0.11143465416344084,0.15009078949165341,-0.09044225067661409,-0.08321695024632711,0.014460169156691668,0.16454201495390317
-0.07987879424047901,-0.0804165012721978,0.07092627013737707,0.01679019300742459,-0.07987879424047901,-0.0804165012721978,0.04389059643815994,0.01679019300742459,0.12792919661163007,-0.07987879424047901,-0.07358662180711718,0.04389059643815994,0.01679019300742459,0.12792919661163007,-0.09604243762412466,-0.07987879424047901,-0.07358662180711718,0.04389059643815994,0.01679019300742459,0.1049905745434185,0.16448762553284224,-0.09604243762412466,-0.07987879424047901,-0.07358662180711718,0.04389059643815994,0.02735395636043014,0.008833072559706117,0.1049905745434185,0.16448762553284224,-0.09604243762412466,-0.07987879424047901,-0.07358662180711718,0.047695534005937595,0.02735395636043014,0.008833072559706117,0.1049905745434185,0.16448762553284224,-0.09604243762412466,0.014402330287883163,-0.07987879424047901,-0.07358662180711718,0.047695534005937595,0.02735395636043014,0.008833072559706117,0.1049905745434185,0.16163632936237782,-0.09604243762412466,0.014402330287883163,0.16771909452603526,-0.07987879424047901,-0.07358662180711718,0.047695534005937595,0.02735395636043014,0.008833072559706117,0.1049905745434185,0.16163632936237782,-0.09789272703673028,-0.08568081691353312,0.014402330287883163,0.16771909452603526
-0.07951391336846751,-0.09178961326124531,0.07834584239469329,0.02078638045355261,-0.07951391336846751,-0.09178961326124531,0.0569594998359205,0.02078638045355261,0.12343752851258773,-0.07951391336846751,-0.08476646087417747,0.0569594998359205,0.02078638045355261,0.12343752851258773,-0.1078577346316581,-0.07951391336846751,-0.08476646087417747,0.0569594998359205,0.02078638045355261,0.09955392914497518,0.1615020150047202,-0.1078577346316581,-0.07951391336846751,-0.08476646087417747,0.0569594998359205,0.03551146396220426,0.009694759109373443,0.09955392914497518,0.1615020150047202,-0.1078577346316581,-0.07951391336846751,-0.08476646087417747,0.06023682641190357,0.03551146396220426,0.009694759109373443,0.09955392914497518,0.1615020150047202,-0.1078577346316581,0.031560218872051723,-0.07951391336846751,-0.08476646087417747,0.06023682641190357,0.03551146396220426,0.009694759109373443,0.09955392914497518,0.21785313991039584,-0.1078577346316581,0.031560218872051723,0.09763740677828782,-0.07951391336846751,-0.08476646087417747,0.06023682641190357,0.03551146396220426,0.009694759109373443,0.09955392914497518,0.21785313991039584,-0.11146217785573416,-0.08767285257683219,0.031560218872051723,0.09763740677828782
-0.08260660397404303,-0.09315066601359405,0.07739446941551045,0.025685770153599127,-0.08260660397404303,-0.09315066601359405,0.05945680911409456,0.025685770153599127,0.1152148375209054,-0.08260660397404303,-0.08538614388881352,0.05945680911409456,0.025685770153599127,0.1152148375209054,-0.11091495148089497,-0.08260660397404303,-0.08538614388881352,0.05945680911409456,0.025685770153599127,0.09679283264857391,0.1445749077861837,-0.11091495148089497,-0.08260660397404303,-0.08538614388881352,0.05945680911409456,0.029300768659143776,0.02296278426630575,0.09679283264857391,0.1445749077861837,-0.11091495148089497,-0.08260660397404303,-0.08538614388881352,0.062184971796997876,0.029300768659143776,0.02296278426630575,0.09679283264857391,0.1445749077861837,-0.11091495148089497,0.038313548321593886,-0.08260660397404303,-0.08538614388881352,0.062184971796997876,0.029300768659143776,0.02296278426630575,0.09679283264857391,0.16611988249036716,-0.11091495148089497,0.038313548321593886,0.12015726978810912,-0.08260660397404303,-0.08538614388881352,0.062184971796997876,0.029300768659143776,0.02296278426630575,0.09679283264857391,0.16611988249036716,-0.11476693839701499,-0.08934382475062301,0.038313548321593886,0.12015726978810912
-0.11586231221103059,-0.08672994398667655,0.07656601991468692,0.02655551765444309,-0.11586231221103059,-0.08672994398667655,0.061356618750890136,0.02655551765444309,0.10863403441666811,-0.11586231221103059,-0.08086650183414099,0.061356618750890136,0.02655551765444309,0.10863403441666811,-0.10014478891141705,-0.11586231221103059,-0.08086650183414099,0.061356618750890136,0.02655551765444309,0.09682625869016877,0.12745267698077642,-0.10014478891141705,-0.11586231221103059,-0.08086650183414099,0.061356618750890136,0.026909393768332346,0.02628896162060443,0.09682625869016877,0.12745267698077642,-0.10014478891141705,-0.11586231221103059,-0.08086650183414099,0.061576114414150965,0.026909393768332346,0.02628896162060443,0.09682625869016877,0.12745267698077642,-0.10014478891141705,0.05965552736061867,-0.11586231221103059,-0.08086650183414099,0.061576114414150965,0.026909393768332346,0.02628896162060443,0.09682625869016877,0.15809024482348977,-0.10014478891141705,0.05965552736061867,0.09273010009236796,-0.11586231221103059,-0.08086650183414099,0.061576114414150965,0.026909393768332346,0.02628896162060443,0.09682625869016877,0.15809024482348977,-0.10301336714939077,-0.08408075077876416,0.05965552736061867,0.09273010009236796
-0.13776188903797554,-0.08630437535033607,0.07706170927984567,0.031250682439287567,-0.13776188903797554,-0.08630437535033607,0.064511362960977,0.031250682439287567,0.10352328284372542,-0.13776188903797554,-0.08066560823878582,0.064511362960977,0.031250682439287567,0.10352328284372542,-0.09920519101464038,-0.13776188903797554,-0.08066560823878582,0.064511362960977,0.031250682439287567,0.08488158168951514,0.13323349405824808,-0.09920519101464038,-0.13776188903797554,-0.08066560823878582,0.064511362960977,0.03828897352127651,0.025949112533373807,0.08488158168951514,0.13323349405824808,-0.09920519101464038,-0.13776188903797554,-0.08066560823878582,0.06742744543320756,0.03828897352127651,0.025949112533373807,0.08488158168951514,0.13323349405824808,-0.09920519101464038,0.04191172380119014,-0.13776188903797554,-0.08066560823878582,0.06742744543320756,0.03828897352127651,0.025949112533373807,0.08488158168951514,0.14907586317239085,-0.09920519101464038,0.04191172380119014,0.11527880906221959,-0.13776188903797554,-0.08066560823878582,0.06742744543320756,0.03828897352127651,0.025949112533373807,0.08488158168951514,0.14907586317239085,-0.10166683564926848,-0.08541998106072304,0.04191172380119014,0.11527880906221959
-0.20619654252159825,-0.07701417648778712,0.0780593123546745,0.034181028656934204,-0.20619654252159825,-0.07701417648778712,0.06404101981837776,0.034181028656934204,0.10761595324445683,-0.20619654252159825,-0.06986290204177266,0.06404101981837776,0.034181028656934204,0.10761595324445683,-0.09337542559912325,-0.20619654252159825,-0.06986290204177266,0.06404101981837776,0.034181028656934204,0.09074471324522225,0.13450449199323694,-0.09337542559912325,-0.20619654252159825,-0.06986290204177266,0.06404101981837776,0.04227034116261862,0.028087780276029057,0.09074471324522225,0.13450449199323694,-0.09337542559912325,-0.20619654252159825,-0.06986290204177266,0.0667750556935368,0.04227034116261862,0.028087780276029057,0.09074471324522225,0.13450449199323694,-0.09337542559912325,0.042852241785895195,-0.20619654252159825,-0.06986290204177266,0.0667750556935368,0.04227034116261862,0.028087780276029057,0.09074471324522225,0.16716293417026287,-0.09337542559912325,0.042852241785895195,0.09749159085927421,-0.20619654252159825,-0.06986290204177266,0.0667750556935368,0.04227034116261862,0.028087780276029057,0.09074471324522225,0.16716293417026287,-0.09673154180653838,-0.07458117483759853,0.042852241785895195,0.09749159085927421
-0.25445576495872746,-0.07094003026103352,0.07675406698217273,0.04085342310099307,-0.25445576495872746,-0.07094003026103352,0.06666681028364337,0.04085342310099307,0.09802237929834905,-0.25445576495872746,-0.06475053458228111,0.06666681028364337,0.04085342310099307,0.09802237929834905,-0.08510084613211855,-0.25445576495872746,-0.06475053458228111,0.06666681028364337,0.04085342310099307,0.09554342995725858,0.101973204810712,-0.08510084613211855,-0.25445576495872746,-0.06475053458228111,0.06666681028364337,0.04613605909509701,0.03687429468984984,0.09554342995725858,0.101973204810712,-0.08510084613211855,-0.25445576495872746,-0.06475053458228111,0.06914061779571086,0.04613605909509701,0.03687429468984984,0.09554342995725858,0.101973204810712,-0.08510084613211855,0.04749480206512035,-0.25445576495872746,-0.06475053458228111,0.06914061779571086,0.04613605909509701,0.03687429468984984,0.09554342995725858,0.10604451318244087,-0.08510084613211855,0.04749480206512035,0.0973590553227526,-0.25445576495872746,-0.06475053458228111,0.06914061779571086,0.04613605909509701,0.03687429468984984,0.09554342995725858,0.10604451318244087,-0.08865584121639145,-0.06519287366019044,0.04749480206512035,0.0973590553227526
-0.1685296031291746,-0.027109027301289546,-0.12473082034068166,0.33063603773565553,-0.1685296031291746,-0.027109027301289546,-0.11434427921114498,0.33063603773565553,-0.14663015404753604,-0.1685296031291746,0.009075820653086316,-0.11434427921114498,0.33063603773565553,-0.14663015404753604,-0.10989557337872523,-0.1685296031291746,0.009075820653086316,-0.11434427921114498,0.33063603773565553,-0.16187000815018576,-0.12234163657143804,-0.10989557337872523,-0.1685296031291746,0.009075820653086316,-0.11434427921114498,-0.19708282398567192,0.7281385569543177,-0.16187000815018576,-0.12234163657143804,-0.10989557337872523,-0.1685296031291746,0.009075820653086316,-0.11409750419527727,-0.19708282398567192,0.7281385569543177,-0.16187000815018576,-0.12234163657143804,-0.10989557337872523,-0.11625678558411978,-0.1685296031291746,0.009075820653086316,-0.11409750419527727,-0.19708282398567192,0.7281385569543177,-0.16187000815018576,-0.10451857886490044,-0.10989557337872523,-0.11625678558411978,-0.14254110197218064,-0.1685296031291746,0.009075820653086316,-0.11409750419527727,-0.19708282398567192,0.7281385569543177,-0.16187000815018576,-0.10451857886490044,-0.10668880078988836,-0.12785349987621172,-0.11625678558411978,-0.14254110197218064
-0.20466101359363031,-0.13434940302795792,-0.13799780774123616,0.5388076621070919,-0.20466101359363031,-0.13434940302795792,-0.12951347508830002,0.5388076621070919,-0.15588646092513767,-0.20466101359363031,-0.13940387777835256,-0.12951347508830002,0.5388076621070919,-0.15588646092513767,-0.12278537746266115,-0.20466101359363031,-0.13940387777835256,-0.12951347508830002,0.5388076621070919,-0.16063729197687834,-0.14831482393642598,-0.12278537746266115,-0.20466101359363031,-0.13940387777835256,-0.12951347508830002,0.5830504017036673,0.5054819621512299,-0.16063729197687834,-0.14831482393642598,-0.12278537746266115,-0.20466101359363031,-0.13940387777835256,-0.13585163341653636,0.5830504017036673,0.5054819621512299,-0.16063729197687834,-0.14831482393642598,-0.12278537746266115,-0.08039274804446842,-0.20466101359363031,-0.13940387777835256,-0.13585163341653636,0.5830504017036673,0.5054819621512299,-0.16063729197687834,-0.1776871264358141,-0.12278537746266115,-0.08039274804446842,-0.11502621443711944,-0.20466101359363031,-0.13940387777835256,-0.13585163341653636,0.5830504017036673,0.5054819621512299,-0.16063729197687834,-0.1776871264358141,-0.12293597642550168,-0.12194202327075407,-0.08039274804446842,-0.11502621443711944
-0.23151112391693948,-0.17859498081634015,-0.013812571735102079,0.38035324575972446,-0.23151112391693948,-0.17859498081634015,0.048241892627396844,0.38035324575972446,-0.14465029780061184,-0.23151112391693948,-0.1944919568859974,0.048241892627396844,0.38035324575972446,-0.14465029780061184,-0.14222462647515455,-0.23151112391693948,-0.1944919568859974,0.048241892627396844,0.38035324575972446,-0.1574317900010556,-0.12427979460615461,-0.14222462647515455,-0.23151112391693948,-0.1944919568859974,0.048241892627396844,0.40347441719580324,0.36293729844423656,-0.1574317900010556,-0.12427979460615461,-0.14222462647515455,-0.23151112391693948,-0.1944919568859974,0.036357310145055985,0.40347441719580324,0.36293729844423656,-0.1574317900010556,-0.12427979460615461,-0.14222462647515455,0.14034740686553845,-0.23151112391693948,-0.1944919568859974,0.036357310145055985,0.40347441719580324,0.36293729844423656,-0.1574317900010556,-0.16620087655129656,-0.14222462647515455,0.14034740686553845,-0.07676923506832707,-0.23151112391693948,-0.1944919568859974,0.036357310145055985,0.40347441719580324,0.36293729844423656,-0.1574317900010556,-0.16620087655129656,-0.13913878095470647,-0.15950536138966392,0.14034740686553845,-0.07676923506832707
-0.07486771323274223,-0.018735542810034367,0.00902442695000515,0.034497418168541245,-0.07486771323274223,-0.018735542810034367,0.024542155534780313,0.034497418168541245,-0.023693675487773812,-0.07486771323274223,-0.017626511015961986,0.024542155534780313,0.034497418168541245,-0.023693675487773812,-0.02127287312677572,-0.07486771323274223,-0.017626511015961986,0.024542155534780313,0.034497418168541245,-0.032906254292358626,-0.009011128017966755,-0.02127287312677572,-0.07486771323274223,-0.017626511015961986,0.024542155534780313,0.0403691056403481,0.030074588644323084,-0.032906254292358626,-0.009011128017966755,-0.02127287312677572,-0.07486771323274223,-0.017626511015961986,0.026192285750211684,0.0403691056403481,0.030074588644323084,-0.032906254292358626,-0.009011128017966755,-0.02127287312677572,0.011753646365187165,-0.07486771323274223,-0.017626511015961986,0.026192285750211684,0.0403691056403481,0.030074588644323084,-0.032906254292358626,0.001546115410678309,-0.02127287312677572,0.011753646365187165,-0.02097600390376449,-0.07486771323274223,-0.017626511015961986,0.026192285750211684,0.0403691056403481,0.030074588644323084,-0.032906254292358626,0.001546115410678309,-0.017951846385125824,-0.039870622880015125,0.011753646365187165,-0.02097600390376449
-0.07686956384718362,-0.047647482306620116,0.027352495710067565,0.046522020425031875,-0.07686956384718362,-0.047647482306620116,0.049310159270944995,0.046522020425031875,-0.018943782882143885,-0.07686956384718362,-0.05352064771930092,0.049310159270944995,0.046522020425031875,-0.018943782882143885,-0.034210391741244336,-0.07686956384718362,-0.05352064771930092,0.049310159270944995,0.046522020425031875,-0.03375961872329692,0.004668955489693762,-0.034210391741244336,-0.07686956384718362,-0.05352064771930092,0.049310159270944995,0.044311680431641104,0.04818695184862492,-0.03375961872329692,0.004668955489693762,-0.034210391741244336,-0.07686956384718362,-0.05352064771930092,0.0495396428503256,0.044311680431641104,0.04818695184862492,-0.03375961872329692,0.004668955489693762,-0.034210391741244336,0.04753166153074527,-0.07686956384718362,-0.05352064771930092,0.0495396428503256,0.044311680431641104,0.04818695184862492,-0.03375961872329692,0.03645050037445891,-0.034210391741244336,0.04753166153074527,-0.031350128713040076,-0.07686956384718362,-0.05352064771930092,0.0495396428503256,0.044311680431641104,0.04818695184862492,-0.03375961872329692,0.03645050037445891,-0.0346718242413912,-0.0316263697404219,0.04753166153074527,-0.031350128713040076
-0.07550050916746875,-0.05510320761321801,0.03270911710528006,0.04787380515879507,-0.07550050916746875,-0.05510320761321801,0.033479313960831814,0.04787380515879507,0.0310852080724902,-0.07550050916746875,-0.05793731471065421,0.033479313960831814,0.04787380515879507,0.0310852080724902,-0.048619114102417,-0.07550050916746875,-0.05793731471065421,0.033479313960831814,0.04787380515879507,0.01407633453776981,0.05819310026845082,-0.048619114102417,-0.07550050916746875,-0.05793731471065421,0.033479313960831814,0.031581574856255824,0.06014587473733113,0.01407633453776981,0.05819310026845082,-0.048619114102417,-0.07550050916746875,-0.05793731471065421,0.03213947744706282,0.031581574856255824,0.06014587473733113,0.01407633453776981,0.05819310026845082,-0.048619114102417,0.043863046942541555,-0.07550050916746875,-0.05793731471065421,0.03213947744706282,0.031581574856255824,0.06014587473733113,0.01407633453776981,0.022741450328151898,-0.048619114102417,0.043863046942541555,0.09837163686745627,-0.07550050916746875,-0.05793731471065421,0.03213947744706282,0.031581574856255824,0.06014587473733113,0.01407633453776981,0.022741450328151898,-0.04794595914266024,-0.0523887818770549,0.043863046942541555,0.09837163686745627
-0.06546739971804046,-0.052492805073846745,0.034676901276165406,0.0370187167465011,-0.06546739971804046,-0.052492805073846745,0.047376272852905195,0.0370187167465011,0.007901117831232101,-0.06546739971804046,-0.05342249010050794,0.047376272852905195,0.0370187167465011,0.007901117831232101,-0.0503657984219401,-0.06546739971804046,-0.05342249010050794,0.047376272852905195,0.0370187167465011,0.0003282174894811475,0.019970427750897687,-0.0503657984219401,-0.06546739971804046,-0.05342249010050794,0.047376272852905195,0.04817772502995744,0.028613229987533993,0.0003282174894811475,0.019970427750897687,-0.0503657984219401,-0.06546739971804046,-0.05342249010050794,0.048858884089231516,0.04817772502995744,0.028613229987533993,0.0003282174894811475,0.019970427750897687,-0.0503657984219401,0.0358860357713762,-0.06546739971804046,-0.05342249010050794,0.048858884089231516,0.04817772502995744,0.028613229987533993,0.0003282174894811475,0.008974489903122225,-0.0503657984219401,0.0358860357713762,0.03243249064504321,-0.06546739971804046,-0.05342249010050794,0.048858884089231516,0.04817772502995744,0.028613229987533993,0.0003282174894811475,0.008974489903122225,-0.05010417580858328,-0.051830885056738295,0.0358860357713762,0.03243249064504321
-0.06128089997595768,-0.05161559542943876,0.03628263813430253,0.03133050865630008,-0.06128089997595768,-0.05161559542943876,0.05405443044797807,0.03133050865630008,-0.0011880083101940696,-0.06128089997595768,-0.05230730295149593,0.05405443044797807,0.03133050865630008,-0.0011880083101940696,-0.05003305246230796,-0.06128089997595768,-0.05230730295149593,0.05405443044797807,0.03133050865630008,-0.005628817394423118,0.005889531167795975,-0.05003305246230796,-0.06128089997595768,-0.05230730295149593,0.05405443044797807,0.030548881361051175,0.03191926687869535,-0.005628817394423118,0.005889531167795975,-0.05003305246230796,-0.06128089997595768,-0.05230730295149593,0.05879042854248505,0.030548881361051175,0.03191926687869535,-0.005628817394423118,0.005889531167795975,-0.05003305246230796,0.017350445215549015,-0.06128089997595768,-0.05230730295149593,0.05879042854248505,0.030548881361051175,0.03191926687869535,-0.005628817394423118,-0.01723752401691225,-0.05003305246230796,0.017350445215549015,0.032100193710465304,-0.06128089997595768,-0.05230730295149593,0.05879042854248505,0.030548881361051175,0.03191926687869535,-0.005628817394423118,-0.01723752401691225,-0.050442891247839516,-0.047737955263331244,0.017350445215549015,0.032100193710465304
-0.06712206592162961,-0.057459755132919364,0.04168810104279582,0.032081461968486914,-0.06712206592162961,-0.057459755132919364,0.057586583236289055,0.032081461968486914,0.008167204851695632,-0.06712206592162961,-0.05789217747813535,0.057586583236289055,0.032081461968486914,0.008167204851695632,-0.05647042522189494,-0.06712206592162961,-0.05789217747813535,0.057586583236289055,0.032081461968486914,-0.005604302428567991,0.03011554457961578,-0.05647042522189494,-0.06712206592162961,-0.05789217747813535,0.057586583236289055,0.03206427395988087,0.032094408780164195,-0.005604302428567991,0.03011554457961578,-0.05647042522189494,-0.06712206592162961,-0.05789217747813535,0.05835482225067448,0.03206427395988087,0.032094408780164195,-0.005604302428567991,0.03011554457961578,-0.05647042522189494,0.051632730874802,-0.06712206592162961,-0.05789217747813535,0.05835482225067448,0.03206427395988087,0.032094408780164195,-0.005604302428567991,0.001776691397541171,-0.05647042522189494,0.051632730874802,0.06223291151930035,-0.06712206592162961,-0.05789217747813535,0.05835482225067448,0.03206427395988087,0.032094408780164195,-0.005604302428567991,0.001776691397541171,-0.05734624158103123,-0.0515658536107317,0.051632730874802,0.06223291151930035
-0.056809300986017136,-0.04877480590440529,0.037157008349592784,0.023801388633449442,-0.056809300986017136,-0.04877480590440529,0.046711260582408626,0.023801388633449442,0.017012500629800347,-0.056809300986017136,-0.04880510859932355,0.046711260582408626,0.023801388633449442,0.017012500629800347,-0.04870547701148626,-0.056809300986017136,-0.04880510859932355,0.046711260582408626,0.023801388633449442,-0.009343019079038853,0.05901661016576282,-0.04870547701148626,-0.056809300986017136,-0.04880510859932355,0.046711260582408626,0.019937994290641234,0.026711477878681597,-0.009343019079038853,0.05901661016576282,-0.04870547701148626,-0.056809300986017136,-0.04880510859932355,0.049445046131341326,0.019937994290641234,0.026711477878681597,-0.009343019079038853,0.05901661016576282,-0.04870547701148626,0.02552442257818021,-0.056809300986017136,-0.04880510859932355,0.049445046131341326,0.019937994290641234,0.026711477878681597,-0.009343019079038853,-0.003076586149552988,-0.04870547701148626,0.02552442257818021,0.12938889932312073,-0.056809300986017136,-0.04880510859932355,0.049445046131341326,0.019937994290641234,0.026711477878681597,-0.009343019079038853,-0.003076586149552988,-0.04979569103422142,-0.042600278484169425,0.02552442257818021,0.12938889932312073
-0.05755761255410741,-0.050798191180813135,0.03940317993207948,0.02297728854348248,-0.05755761255410741,-0.050798191180813135,0.03757238896101196,0.02297728854348248,0.04326328137710133,-0.05755761255410741,-0.051049303185080844,0.03757238896101196,0.02297728854348248,0.04326328137710133,-0.0502236773528673,-0.05755761255410741,-0.051049303185080844,0.03757238896101196,0.02297728854348248,-0.004128954985322696,0.11879465807971464,-0.0502236773528673,-0.05755761255410741,-0.051049303185080844,0.03757238896101196,0.01133217208551698,0.03174893470662533,-0.004128954985322696,0.11879465807971464,-0.0502236773528673,-0.05755761255410741,-0.051049303185080844,0.036759006732269395,0.01133217208551698,0.03174893470662533,-0.004128954985322696,0.11879465807971464,-0.0502236773528673,0.04387610123376687,-0.05755761255410741,-0.051049303185080844,0.036759006732269395,0.01133217208551698,0.03174893470662533,-0.004128954985322696,0.026887870343307845,-0.0502236773528673,0.04387610123376687,0.22295568418097567,-0.05755761255410741,-0.051049303185080844,0.036759006732269395,0.01133217208551698,0.03174893470662533,-0.004128954985322696,0.026887870343307845,-0.05118731079368145,-0.04482733008430809,0.04387610123376687,0.22295568418097567
-0.04519957998191098,-0.04504562957266709,0.03776543203528455,0.013290398307110207,-0.04519957998191098,-0.04504562957266709,0.06416430332535857,0.013290398307110207,-0.017894838757040198,-0.04519957998191098,-0.04497833998981877,0.06416430332535857,0.013290398307110207,-0.017894838757040198,-0.04519957998191098,-0.04519957998191098,-0.04497833998981877,0.06416430332535857,0.013290398307110207,-0.044788215413274254,0.024966480288832832,-0.04519957998191098,-0.04519957998191098,-0.04497833998981877,0.06416430332535857,-0.021873950735530414,0.03977783005351483,-0.044788215413274254,0.024966480288832832,-0.04519957998191098,-0.04519957998191098,-0.04497833998981877,-0.029402381849927835,-0.021873950735530414,0.03977783005351483,-0.044788215413274254,0.024966480288832832,-0.04519957998191098,0.7893061134338282,-0.04519957998191098,-0.04497833998981877,-0.029402381849927835,-0.021873950735530414,0.03977783005351483,-0.044788215413274254,-0.0017321640057230492,-0.04519957998191098,0.7893061134338282,0.05522494382266283,-0.04519957998191098,-0.04497833998981877,-0.029402381849927835,-0.021873950735530414,0.03977783005351483,-0.044788215413274254,-0.0017321640057230492,-0.04519957998191098,-0.04519957998191098,0.7893061134338282,0.05522494382266283
-0.11346379228953712,0.034145464000998306,-0.016948462111997707,0.010283151377560933,-0.11346379228953712,0.034145464000998306,-0.0008142578928862975,0.010283151377560933,-0.050966362573979594,-0.11346379228953712,-0.028518088988583767,-0.0008142578928862975,0.010283151377560933,-0.050966362573979594,0.17751207765898153,-0.11346379228953712,-0.028518088988583767,-0.0008142578928862975,0.010283151377560933,-0.04546506008621633,-0.059734063413852304,0.17751207765898153,-0.11346379228953712,-0.028518088988583767,-0.0008142578928862975,-0.052060874115867344,0.0572435861648186,-0.04546506008621633,-0.059734063413852304,0.17751207765898153,-0.11346379228953712,-0.028518088988583767,-0.025383622955936158,-0.052060874115867344,0.0572435861648186,-0.04546506008621633,-0.059734063413852304,0.17751207765898153,0.1895983213457501,-0.11346379228953712,-0.028518088988583767,-0.025383622955936158,-0.052060874115867344,0.0572435861648186,-0.04546506008621633,-0.06192923031503848,0.17751207765898153,0.1895983213457501,-0.05724620759250796,-0.11346379228953712,-0.028518088988583767,-0.025383622955936158,-0.052060874115867344,0.0572435861648186,-0.04546506008621633,-0.06192923031503848,0.03119383615910132,0.9968942300583107,0.1895983213457501,-0.05724620759250796
-0.1525697041424958,0.04930923313943064,-0.033242670146017,0.02834610198498714,-0.1525697041424958,0.04930923313943064,0.0036321346796986415,0.02834610198498714,-0.11099075260987527,-0.1525697041424958,-0.08140759440046279,0.0036321346796986415,0.02834610198498714,-0.11099075260987527,0.3483734900867626,-0.1525697041424958,-0.08140759440046279,0.0036321346796986415,0.02834610198498714,-0.12967813430684338,-0.08120773803033238,0.3483734900867626,-0.1525697041424958,-0.08140759440046279,0.0036321346796986415,0.00620955013129684,0.04502038779685775,-0.12967813430684338,-0.08120773803033238,0.3483734900867626,-0.1525697041424958,-0.08140759440046279,-0.0066694015606028785,0.00620955013129684,0.04502038779685775,-0.12967813430684338,-0.08120773803033238,0.3483734900867626,0.08346904054203542,-0.1525697041424958,-0.08140759440046279,-0.0066694015606028785,0.00620955013129684,0.04502038779685775,-0.12967813430684338,-0.0731469878672975,0.3483734900867626,0.08346904054203542,-0.09034325488177192,-0.1525697041424958,-0.08140759440046279,-0.0066694015606028785,0.00620955013129684,0.04502038779685775,-0.12967813430684338,-0.0731469878672975,0.3358918771414852,0.41827052258031594,0.08346904054203542,-0.09034325488177192
-0.11147804897509282,0.020912088124125566,-0.01694556968642476,0.030975390860673753,-0.11147804897509282,0.020912088124125566,-0.012495122723933239,0.030975390860673753,-0.026329042197702063,-0.11147804897509282,-0.11149840270903144,-0.012495122723933239,0.030975390860673753,-0.026329042197702063,0.3238512413939241,-0.11147804897509282,-0.11149840270903144,-0.012495122723933239,0.030975390860673753,0.02631880006229798,-0.11023654079957713,0.3238512413939241,-0.11147804897509282,-0.11149840270903144,-0.012495122723933239,0.02966884486657217,0.03195954238869832,0.02631880006229798,-0.11023654079957713,0.3238512413939241,-0.11147804897509282,-0.11149840270903144,-0.012539033049944446,0.02966884486657217,0.03195954238869832,0.02631880006229798,-0.11023654079957713,0.3238512413939241,-0.012154817697346398,-0.11147804897509282,-0.11149840270903144,-0.012539033049944446,0.02966884486657217,0.03195954238869832,0.02631880006229798,-0.09972652824241501,0.3238512413939241,-0.012154817697346398,-0.12214788836436087,-0.11147804897509282,-0.11149840270903144,-0.012539033049944446,0.02966884486657217,0.03195954238869832,0.02631880006229798,-0.09972652824241501,0.3201061916491505,0.34482351996465654,-0.012154817697346398,-0.12214788836436087
-0.10728092538215471,0.035748954525033225,-0.015415434140572757,0.002989740490663691,-0.10728092538215471,0.035748954525033225,-0.018552707292355308,0.002989740490663691,-0.008800701591633642,-0.10728092538215471,-0.11611106447416698,-0.018552707292355308,0.002989740490663691,-0.008800701591633642,0.3831862707201731,-0.10728092538215471,-0.11611106447416698,-0.018552707292355308,0.002989740490663691,0.038896455150593756,-0.08481804514955857,0.3831862707201731,-0.10728092538215471,-0.11611106447416698,-0.018552707292355308,-0.0033739311912661814,0.007783155523805672,0.038896455150593756,-0.08481804514955857,0.3831862707201731,-0.10728092538215471,-0.11611106447416698,-0.016821019190368824,-0.0033739311912661814,0.007783155523805672,0.038896455150593756,-0.08481804514955857,0.3831862707201731,-0.03197329008275057,-0.10728092538215471,-0.11611106447416698,-0.016821019190368824,-0.0033739311912661814,0.007783155523805672,0.038896455150593756,-0.11998931237089874,0.3831862707201731,-0.03197329008275057,-0.0449572756320397,-0.10728092538215471,-0.11611106447416698,-0.016821019190368824,-0.0033739311912661814,0.007783155523805672,0.038896455150593756,-0.11998931237089874,0.4008071060831552,0.28450959268747367,-0.03197329008275057,-0.0449572756320397
-0.03856419718908759,-0.035804619034215425,0.0389938234764,-0.005828151378607689,-0.03856419718908759,-0.035804619034215425,0.06346019314764677,-0.005828151378607689,-0.01259189570996369,-0.03856419718908759,-0.034598445800960054,0.06346019314764677,-0.005828151378607689,-0.01259189570996369,-0.03856419718908759,-0.03856419718908759,-0.034598445800960054,0.06346019314764677,-0.005828151378607689,-0.017430703098831525,-0.004880046433955572,-0.03856419718908759,-0.03856419718908759,-0.034598445800960054,0.06346019314764677,-0.013939737828083176,0.00028187477814008085,-0.017430703098831525,-0.004880046433955572,-0.03856419718908759,-0.03856419718908759,-0.034598445800960054,-0.004476869516941733,-0.013939737828083176,0.00028187477814008085,-0.017430703098831525,-0.004880046433955572,-0.03856419718908759,0.5899724287982077,-0.03856419718908759,-0.034598445800960054,-0.004476869516941733,-0.013939737828083176,0.00028187477814008085,-0.017430703098831525,-0.022712808645562813,-0.03856419718908759,0.5899724287982077,0.015330417405865968,-0.03856419718908759,-0.034598445800960054,-0.004476869516941733,-0.013939737828083176,0.00028187477814008085,-0.017430703098831525,-0.022712808645562813,-0.03856419718908759,-0.03856419718908759,0.5899724287982077,0.015330417405865968
0.22173083307883787,0.0019561569255352605,-0.017760172738898284,-0.03325825167614866,0.22173083307883787,0.0019561569255352605,-0.009816012075153544,-0.03325825167614866,-0.03450990907811913,0.22173083307883787,0.004297541919341201,-0.009816012075153544,-0.03325825167614866,-0.03450990907811913,-0.0034006481360510546,0.22173083307883787,0.004297541919341201,-0.009816012075153544,-0.03325825167614866,-0.0355850092786656,-0.03279646813349818,-0.0034006481360510546,0.22173083307883787,0.004297541919341201,-0.009816012075153544,-0.044783481446464095,-0.02457690977123574,-0.0355850092786656,-0.03279646813349818,-0.0034006481360510546,0.22173083307883787,0.004297541919341201,-0.015471794985814549,-0.044783481446464095,-0.02457690977123574,-0.0355850092786656,-0.03279646813349818,-0.0034006481360510546,0.034016305482469235,0.22173083307883787,0.004297541919341201,-0.015471794985814549,-0.044783481446464095,-0.02457690977123574,-0.0355850092786656,-0.02814936400421143,-0.0034006481360510546,0.034016305482469235,-0.03806318614668984,0.22173083307883787,0.004297541919341201,-0.015471794985814549,-0.044783481446464095,-0.02457690977123574,-0.0355850092786656,-0.02814936400421143,-0.010568074872645149,0.036736941588875874,0.034016305482469235,-0.03806318614668984
0.7062656166700941,-0.0037028162273743622,-0.06354913470531559,-0.07663089759127419,0.7062656166700941,-0.0037028162273743622,-0.0530907870209446,-0.07663089759127419,-0.08559986777477249,0.7062656166700941,0.007264335932204438,-0.0530907870209446,-0.07663089759127419,-0.08559986777477249,-0.02879433101671374,0.7062656166700941,0.007264335932204438,-0.0530907870209446,-0.07663089759127419,-0.08400622142049224,-0.08813974165190663,-0.02879433101671374,0.7062656166700941,0.007264335932204438,-0.0530907870209446,-0.0828664310245893,-0.07193400227786799,-0.08400622142049224,-0.08813974165190663,-0.02879433101671374,0.7062656166700941,0.007264335932204438,-0.051398043483581596,-0.0828664310245893,-0.07193400227786799,-0.08400622142049224,-0.08813974165190663,-0.02879433101671374,-0.0662095494355079,0.7062656166700941,0.007264335932204438,-0.051398043483581596,-0.0828664310245893,-0.07193400227786799,-0.08400622142049224,-0.08795262829544732,-0.02879433101671374,-0.0662095494355079,-0.08835180345589387,0.7062656166700941,0.007264335932204438,-0.051398043483581596,-0.0828664310245893,-0.07193400227786799,-0.08400622142049224,-0.08795262829544732,-0.027736781425515982,-0.03471660872742117,-0.0662095494355079,-0.08835180345589387
0.7127460362566342,0.004368708147115511,-0.06800131759896125,-0.08296863067704294,0.7127460362566342,0.004368708147115511,-0.06084354462615405,-0.08296863067704294,-0.08309300760186798,0.7127460362566342,0.016376513498559904,-0.06084354462615405,-0.08296863067704294,-0.08309300760186798,-0.023103695005431503,0.7127460362566342,0.016376513498559904,-0.06084354462615405,-0.08296863067704294,-0.0754494614302217,-0.09527490931292924,-0.023103695005431503,0.7127460362566342,0.016376513498559904,-0.06084354462615405,-0.08352781567869577,-0.08254742639008365,-0.0754494614302217,-0.09527490931292924,-0.023103695005431503,0.7127460362566342,0.016376513498559904,-0.0585442730337473,-0.08352781567869577,-0.08254742639008365,-0.0754494614302217,-0.09527490931292924,-0.023103695005431503,-0.07866289946730637,0.7127460362566342,0.016376513498559904,-0.0585442730337473,-0.08352781567869577,-0.08254742639008365,-0.0754494614302217,-0.09437885849114927,-0.023103695005431503,-0.07866289946730637,-0.09629043357761319,0.7127460362566342,0.016376513498559904,-0.0585442730337473,-0.08352781567869577,-0.08254742639008365,-0.0754494614302217,-0.09437885849114927,-0.02058902162604522,-0.03718586592999468,-0.07866289946730637,-0.09629043357761319
0.7134213729070737,0.00718011725853015,-0.0682267319255978,-0.08725201593831611,0.7134213729070737,0.00718011725853015,-0.061203410775392736,-0.08725201593831611,-0.08303493917000612,0.7134213729070737,0.018268779904651762,-0.061203410775392736,-0.08725201593831611,-0.08303493917000612,-0.018189398795475358,0.7134213729070737,0.018268779904651762,-0.061203410775392736,-0.08725201593831611,-0.07519842893788661,-0.09552437735244658,-0.018189398795475358,0.7134213729070737,0.018268779904651762,-0.061203410775392736,-0.08802462737948406,-0.08667004887873506,-0.07519842893788661,-0.09552437735244658,-0.018189398795475358,0.7134213729070737,0.018268779904651762,-0.05847276007897615,-0.08802462737948406,-0.08667004887873506,-0.07519842893788661,-0.09552437735244658,-0.018189398795475358,-0.08236595367262131,0.7134213729070737,0.018268779904651762,-0.05847276007897615,-0.08802462737948406,-0.08667004887873506,-0.07519842893788661,-0.09905829119721032,-0.018189398795475358,-0.08236595367262131,-0.09151927499504768,0.7134213729070737,0.018268779904651762,-0.05847276007897615,-0.08802462737948406,-0.08667004887873506,-0.07519842893788661,-0.09905829119721032,-0.014067219459165784,-0.04127360307880896,-0.08236595367262131,-0.09151927499504768
-0.020018698469233705,-0.014897153469592438,0.02205809942420534,-0.01242650450550595,-0.020018698469233705,-0.014897153469592438,0.03772398371667875,-0.01242650450550595,-0.010972379505708481,-0.020018698469233705,-0.015393119779890272,0.03772398371667875,-0.01242650450550595,-0.010972379505708481,-0.013762442668759513,-0.020018698469233705,-0.015393119779890272,0.03772398371667875,-0.01242650450550595,-0.011801554839523453,-0.009650881317440872,-0.013762442668759513,-0.020018698469233705,-0.015393119779890272,0.03772398371667875,-0.017309092603786123,-0.00874871087303517,-0.011801554839523453,-0.009650881317440872,-0.013762442668759513,-0.020018698469233705,-0.015393119779890272,0.03233749718598211,-0.017309092603786123,-0.00874871087303517,-0.011801554839523453,-0.009650881317440872,-0.013762442668759513,0.07946925432957766,-0.020018698469233705,-0.015393119779890272,0.03233749718598211,-0.017309092603786123,-0.00874871087303517,-0.011801554839523453,-0.004611440040758889,-0.013762442668759513,0.07946925432957766,-0.01536224809768045,-0.020018698469233705,-0.015393119779890272,0.03233749718598211,-0.017309092603786123,-0.00874871087303517,-0.011801554839523453,-0.004611440040758889,-0.01966122171085453,0.01927071996697259,0.07946925432957766,-0.01536224809768045
-0.01893394559620288,-0.020129980692060366,0.027084247571294507,-0.013934119888629408,-0.01893394559620288,-0.020129980692060366,0.04051730763699473,-0.013934119888629408,-0.0012384694346999358,-0.01893394559620288,-0.01613071749938107,0.04051730763699473,-0.013934119888629408,-0.0012384694346999358,-0.029279810117735727,-0.01893394559620288,-0.01613071749938107,0.04051730763699473,-0.013934119888629408,0.0006782011106941654,-0.004293163116421785,-0.029279810117735727,-0.01893394559620288,-0.01613071749938107,0.04051730763699473,-0.01799263760346434,-0.010877054596935562,0.0006782011106941654,-0.004293163116421785,-0.029279810117735727,-0.01893394559620288,-0.01613071749938107,0.031125776333757234,-0.01799263760346434,-0.010877054596935562,0.0006782011106941654,-0.004293163116421785,-0.029279810117735727,0.11330167523708531,-0.01893394559620288,-0.01613071749938107,0.031125776333757234,-0.01799263760346434,-0.010877054596935562,0.0006782011106941654,-0.017260507189515086,-0.029279810117735727,0.11330167523708531,0.010403160166417293,-0.01893394559620288,-0.01613071749938107,0.031125776333757234,-0.01799263760346434,-0.010877054596935562,0.0006782011106941654,-0.017260507189515086,-0.029617823540635746,-0.027386934949495633,0.11330167523708531,0.010403160166417293
0.14416298225225588,-0.004577725759006982,-0.008617752084065589,-0.017819331706996577,0.14416298225225588,-0.004577725759006982,-0.006241903138145245,-0.017819331706996577,-0.013627072150765107,0.14416298225225588,0.00026642864118954463,-0.006241903138145245,-0.017819331706996577,-0.013627072150765107,-0.015660563856426304,0.14416298225225588,0.00026642864118954463,-0.006241903138145245,-0.017819331706996577,-0.010234215604760557,-0.01903443727095986,-0.015660563856426304,0.14416298225225588,0.00026642864118954463,-0.006241903138145245,-0.01734795494241345,-0.018174394724474775,-0.010234215604760557,-0.01903443727095986,-0.015660563856426304,0.14416298225225588,0.00026642864118954463,-0.0073502674235671524,-0.01734795494241345,-0.018174394724474775,-0.010234215604760557,-0.01903443727095986,-0.015660563856426304,0.0023479200738745257,0.14416298225225588,0.00026642864118954463,-0.0073502674235671524,-0.01734795494241345,-0.018174394724474775,-0.010234215604760557,-0.021690286862224,-0.015660563856426304,0.0023479200738745257,-0.016024474400860498,0.14416298225225588,0.00026642864118954463,-0.0073502674235671524,-0.01734795494241345,-0.018174394724474775,-0.010234215604760557,-0.021690286862224,-0.014942990096820591,-0.01967897691021831,0.0023479200738745257,-0.016024474400860498
0.30074240520967516,-0.006833969305421909,-0.025426047801123598,-0.02730416393489547,0.30074240520967516,-0.006833969305421909,-0.024395156628616424,-0.02730416393489547,-0.027599613526289334,0.30074240520967516,-0.0013617868565072916,-0.024395156628616424,-0.02730416393489547,-0.027599613526289334,-0.01935365945369626,0.30074240520967516,-0.0013617868565072916,-0.024395156628616424,-0.02730416393489547,-0.02528960529558783,-0.031281189143969844,-0.01935365945369626,0.30074240520967516,-0.0013617868565072916,-0.024395156628616424,-0.02749377560202371,-0.027161339562253424,-0.02528960529558783,-0.031281189143969844,-0.01935365945369626,0.30074240520967516,-0.0013617868565072916,-0.02450428469834619,-0.02749377560202371,-0.027161339562253424,-0.02528960529558783,-0.031281189143969844,-0.01935365945369626,-0.02354941408821071,0.30074240520967516,-0.0013617868565072916,-0.02450428469834619,-0.02749377560202371,-0.027161339562253424,-0.02528960529558783,-0.03255689620108194,-0.01935365945369626,-0.02354941408821071,-0.029835387812576143,0.30074240520967516,-0.0013617868565072916,-0.02450428469834619,-0.02749377560202371,-0.027161339562253424,-0.02528960529558783,-0.03255689620108194,-0.019100738257011838,-0.02077001815512903,-0.02354941408821071,-0.029835387812576143
0.3277403290376118,-0.006390798914066637,-0.02854613951403993,-0.029853077581422898,0.3277403290376118,-0.006390798914066637,-0.027532434564072828,-0.029853077581422898,-0.03068346922782599,0.3277403290376118,-0.001186158737732829,-0.027532434564072828,-0.029853077581422898,-0.03068346922782599,-0.01829838477204247,0.3277403290376118,-0.001186158737732829,-0.027532434564072828,-0.029853077581422898,-0.028718938518681274,-0.033814440045525376,-0.01829838477204247,0.3277403290376118,-0.001186158737732829,-0.027532434564072828,-0.02997851916149488,-0.029758589118511532,-0.028718938518681274,-0.033814440045525376,-0.01829838477204247,0.3277403290376118,-0.001186158737732829,-0.027412512795639086,-0.02997851916149488,-0.029758589118511532,-0.028718938518681274,-0.033814440045525376,-0.01829838477204247,-0.028461828269434348,0.3277403290376118,-0.001186158737732829,-0.027412512795639086,-0.02997851916149488,-0.029758589118511532,-0.028718938518681274,-0.03490146413636268,-0.01829838477204247,-0.028461828269434348,-0.0325824794092431,0.3277403290376118,-0.001186158737732829,-0.027412512795639086,-0.02997851916149488,-0.029758589118511532,-0.028718938518681274,-0.03490146413636268,-0.017871382703960742,-0.02068959635330015,-0.028461828269434348,-0.0325824794092431
0.3314482716400855,-0.00492656483881693,-0.029715835372031776,-0.0310424629478212,0.3314482716400855,-0.00492656483881693,-0.02895035180698047,-0.0310424629478212,-0.0313298067441279,0.3314482716400855,-9.398446395148007e-05,-0.02895035180698047,-0.0310424629478212,-0.0313298067441279,-0.01598292296919091,0.3314482716400855,-9.398446395148007e-05,-0.02895035180698047,-0.0310424629478212,-0.029238952103790083,-0.03466210632716629,-0.01598292296919091,0.3314482716400855,-9.398446395148007e-05,-0.02895035180698047,-0.031283097837937854,-0.030861205498122934,-0.029238952103790083,-0.03466210632716629,-0.01598292296919091,0.3314482716400855,-9.398446395148007e-05,-0.02880958178967631,-0.031283097837937854,-0.030861205498122934,-0.029238952103790083,-0.03466210632716629,-0.01598292296919091,-0.030041319441087726,0.3314482716400855,-9.398446395148007e-05,-0.02880958178967631,-0.031283097837937854,-0.030861205498122934,-0.029238952103790083,-0.03623899653447192,-0.01598292296919091,-0.030041319441087726,-0.03287496409221992,0.3314482716400855,-9.398446395148007e-05,-0.02880958178967631,-0.031283097837937854,-0.030861205498122934,-0.029238952103790083,-0.03623899653447192,-0.015161389817454329,-0.020583508618915773,-0.030041319441087726,-0.03287496409221992
0.3331338220336483,-0.004270657939343728,-0.030252946113489124,-0.03155723103107035,0.3331338220336483,-0.004270657939343728,-0.029432955466286985,-0.03155723103107035,-0.031981842056385205,0.3331338220336483,0.0004512426425572497,-0.029432955466286985,-0.03155723103107035,-0.031981842056385205,-0.01507379411914748,0.3331338220336483,0.0004512426425572497,-0.029432955466286985,-0.03155723103107035,-0.029910503805663336,-0.03528303739347318,-0.01507379411914748,0.3331338220336483,0.0004512426425572497,-0.029432955466286985,-0.03177643318735008,-0.03139211771854796,-0.029910503805663336,-0.03528303739347318,-0.01507379411914748,0.3331338220336483,0.0004512426425572497,-0.029183598893943133,-0.03177643318735008,-0.03139211771854796,-0.029910503805663336,-0.03528303739347318,-0.01507379411914748,-0.031365468901951826,0.3331338220336483,0.0004512426425572497,-0.029183598893943133,-0.03177643318735008,-0.03139211771854796,-0.029910503805663336,-0.036387778611656034,-0.01507379411914748,-0.031365468901951826,-0.03403099734619929,0.3331338220336483,0.0004512426425572497,-0.029183598893943133,-0.03177643318735008,-0.03139211771854796,-0.029910503805663336,-0.036387778611656034,-0.014071780206095785,-0.020685072032236983,-0.031365468901951826,-0.03403099734619929
0.33395181290833514,-0.0035159695934410783,-0.03078210940070191,-0.031995341305683406,0.33395181290833514,-0.0035159695934410783,-0.030124031476355888,-0.031995341305683406,-0.0321696230966122,0.33395181290833514,0.0007830881305966455,-0.030124031476355888,-0.031995341305683406,-0.0321696230966122,-0.013351692568133447,0.33395181290833514,0.0007830881305966455,-0.030124031476355888,-0.031995341305683406,-0.03006651611333137,-0.03552144985121602,-0.013351692568133447,0.33395181290833514,0.0007830881305966455,-0.030124031476355888,-0.03214815918127603,-0.0318802317370552,-0.03006651611333137,-0.03552144985121602,-0.013351692568133447,0.33395181290833514,0.0007830881305966455,-0.029961761653185884,-0.03214815918127603,-0.0318802317370552,-0.03006651611333137,-0.03552144985121602,-0.013351692568133447,-0.03138162260592339,0.33395181290833514,0.0007830881305966455,-0.029961761653185884,-0.03214815918127603,-0.0318802317370552,-0.03006651611333137,-0.03618969950302719,-0.013351692568133447,-0.03138162260592339,-0.03476410024583003,0.33395181290833514,0.0007830881305966455,-0.029961761653185884,-0.03214815918127603,-0.0318802317370552,-0.03006651611333137,-0.03618969950302719,-0.012211519267517233,-0.01973666305158424,-0.03138162260592339,-0.03476410024583003
0.3345099292759824,-0.002834813793288454,-0.031102991637235317,-0.0326382281941704,0.3345099292759824,-0.002834813793288454,-0.03054631099260876,-0.0326382281941704,-0.032276715887953965,0.3345099292759824,0.001341525331767985,-0.03054631099260876,-0.0326382281941704,-0.032276715887953965,-0.012389771488493335,0.3345099292759824,0.001341525331767985,-0.03054631099260876,-0.0326382281941704,-0.029948395490507183,-0.03598747652138477,-0.012389771488493335,0.3345099292759824,0.001341525331767985,-0.03054631099260876,-0.03288434411312004,-0.03245284217729924,-0.029948395490507183,-0.03598747652138477,-0.012389771488493335,0.3345099292759824,0.001341525331767985,-0.030448112718049654,-0.03288434411312004,-0.03245284217729924,-0.029948395490507183,-0.03598747652138477,-0.012389771488493335,-0.031307347620441836,0.3345099292759824,0.001341525331767985,-0.030448112718049654,-0.03288434411312004,-0.03245284217729924,-0.029948395490507183,-0.03643041314875101,-0.012389771488493335,-0.031307347620441836,-0.03548548167703635,0.3345099292759824,0.001341525331767985,-0.030448112718049654,-0.03288434411312004,-0.03245284217729924,-0.029948395490507183,-0.03643041314875101,-0.011049748328328172,-0.01989390118541825,-0.031307347620441836,-0.03548548167703635
0.3341834800558645,-0.0019058541561419032,-0.031471999070168434,-0.03333192303846268,0.3341834800558645,-0.0019058541561419032,-0.030944977323574478,-0.03333192303846268,-0.03258318949973402,0.3341834800558645,0.002175489975038579,-0.030944977323574478,-0.03333192303846268,-0.03258318949973402,-0.01124347481990331,0.3341834800558645,0.002175489975038579,-0.030944977323574478,-0.03333192303846268,-0.030201254124499893,-0.036379399004013414,-0.01124347481990331,0.3341834800558645,0.002175489975038579,-0.030944977323574478,-0.0336226654272761,-0.03311292227805777,-0.030201254124499893,-0.036379399004013414,-0.01124347481990331,0.3341834800558645,0.002175489975038579,-0.030876198316215808,-0.0336226654272761,-0.03311292227805777,-0.030201254124499893,-0.036379399004013414,-0.01124347481990331,-0.03147801463060415,0.3341834800558645,0.002175489975038579,-0.030876198316215808,-0.0336226654272761,-0.03311292227805777,-0.030201254124499893,-0.036476524545195683,-0.01124347481990331,-0.03147801463060415,-0.0362693233906735,0.3341834800558645,0.002175489975038579,-0.030876198316215808,-0.0336226654272761,-0.03311292227805777,-0.030201254124499893,-0.036476524545195683,-0.00986066893976747,-0.018987187748664015,-0.03147801463060415,-0.0362693233906735
0.33359688512083946,-0.0010576136595926405,-0.03192088457640113,-0.033668060258293664,0.33359688512083946,-0.0010576136595926405,-0.031048876611946986,-0.033668060258293664,-0.03375945558579239,0.33359688512083946,0.002845390953672878,-0.031048876611946986,-0.033668060258293664,-0.03375945558579239,-0.009987215123275871,0.33359688512083946,0.002845390953672878,-0.031048876611946986,-0.033668060258293664,-0.03199913457690417,-0.036564967193708,-0.009987215123275871,0.33359688512083946,0.002845390953672878,-0.031048876611946986,-0.033957821062618763,-0.03344979887321761,-0.03199913457690417,-0.036564967193708,-0.009987215123275871,0.33359688512083946,0.002845390953672878,-0.030989638394038677,-0.033957821062618763,-0.03344979887321761,-0.03199913457690417,-0.036564967193708,-0.009987215123275871,-0.0315079728007364,0.33359688512083946,0.002845390953672878,-0.030989638394038677,-0.033957821062618763,-0.03344979887321761,-0.03199913457690417,-0.03647825900284944,-0.009987215123275871,-0.0315079728007364,-0.03666323647668103,0.33359688512083946,0.002845390953672878,-0.030989638394038677,-0.033957821062618763,-0.03344979887321761,-0.03199913457690417,-0.03647825900284944,-0.008495188034190334,-0.018342566822154887,-0.0315079728007364,-0.03666323647668103
-0.19358861115174963,0.039696631799434036,-0.007233616199702802,0.005941183066402701,-0.19358861115174963,0.039696631799434036,0.0035853527440231664,0.005941183066402701,-0.030044695297920202,-0.19358861115174963,-0.07290440742995073,0.0035853527440231664,0.005941183066402701,-0.030044695297920202,0.2973141609454507,-0.19358861115174963,-0.07290440742995073,0.0035853527440231664,0.005941183066402701,-0.024671886345045368,-0.03860760956656447,0.2973141609454507,-0.19358861115174963,-0.07290440742995073,0.0035853527440231664,-0.003452507712907061,0.013016950146921745,-0.024671886345045368,-0.03860760956656447,0.2973141609454507,-0.19358861115174963,-0.07290440742995073,-0.007522566982586333,-0.003452507712907061,0.013016950146921745,-0.024671886345045368,-0.03860760956656447,0.2973141609454507,0.08967173062524678,-0.19358861115174963,-0.07290440742995073,-0.007522566982586333,-0.003452507712907061,0.013016950146921745,-0.024671886345045368,-0.050670527064731054,0.2973141609454507,0.08967173062524678,-0.02493630306864235,-0.19358861115174963,-0.07290440742995073,-0.007522566982586333,-0.003452507712907061,0.013016950146921745,-0.024671886345045368,-0.050670527064731054,0.27889319765822507,0.40047155535391427,0.08967173062524678,-0.02493630306864235
-0.13725764006184482,0.0025773658456965986,-0.013685158137178792,0.061663187950280945,-0.13725764006184482,0.0025773658456965986,-0.006827932715446797,0.061663187950280945,-0.028143163544445047,-0.13725764006184482,-0.10242877839481544,-0.006827932715446797,0.061663187950280945,-0.028143163544445047,0.24281869585050447,-0.13725764006184482,-0.10242877839481544,-0.006827932715446797,0.061663187950280945,-0.00557733755761865,-0.06410744871094962,0.24281869585050447,-0.13725764006184482,-0.10242877839481544,-0.006827932715446797,0.06007350155788739,0.06286061406403194,-0.00557733755761865,-0.06410744871094962,0.24281869585050447,-0.13725764006184482,-0.10242877839481544,-0.00847779078540381,0.06007350155788739,0.06286061406403194,-0.00557733755761865,-0.06410744871094962,0.24281869585050447,0.0059584673267200515,-0.13725764006184482,-0.10242877839481544,-0.00847779078540381,0.06007350155788739,0.06286061406403194,-0.00557733755761865,-0.07490177934311563,0.24281869585050447,0.0059584673267200515,-0.051873873994494786,-0.13725764006184482,-0.10242877839481544,-0.00847779078540381,0.06007350155788739,0.06286061406403194,-0.00557733755761865,-0.07490177934311563,0.24074475722531322,0.2544327521515753,0.0059584673267200515,-0.051873873994494786
-0.13122957077828135,0.010999656952878854,-0.004720848899726938,0.029251901612650396,-0.13122957077828135,0.010999656952878854,-0.009020399050052003,0.029251901612650396,0.004344467682283746,-0.13122957077828135,-0.09796920929005944,-0.009020399050052003,0.029251901612650396,0.004344467682283746,0.2603072145692983,-0.13122957077828135,-0.09796920929005944,-0.009020399050052003,0.029251901612650396,0.04364646700410212,-0.0582930937368643,0.2603072145692983,-0.13122957077828135,-0.09796920929005944,-0.009020399050052003,0.017666345868969688,0.03797868386113716,0.04364646700410212,-0.0582930937368643,0.2603072145692983,-0.13122957077828135,-0.09796920929005944,-0.009497617841908543,0.017666345868969688,0.03797868386113716,0.04364646700410212,-0.0582930937368643,0.2603072145692983,-0.0053219534131638225,-0.13122957077828135,-0.09796920929005944,-0.009497617841908543,0.017666345868969688,0.03797868386113716,0.04364646700410212,-0.07220133803758003,0.2603072145692983,-0.0053219534131638225,-0.04253041686271979,-0.13122957077828135,-0.09796920929005944,-0.009497617841908543,0.017666345868969688,0.03797868386113716,0.04364646700410212,-0.07220133803758003,0.25007744272119153,0.3175939369186959,-0.0053219534131638225,-0.04253041686271979
-0.0961800666700444,0.0563998266782494,-0.025918774330431906,-0.013338488976273837,-0.0961800666700444,0.0563998266782494,-0.01645999792404821,-0.013338488976273837,-0.04586197759690356,-0.0961800666700444,-0.005133165539152833,-0.01645999792404821,-0.013338488976273837,-0.04586197759690356,0.19717985432715454,-0.0961800666700444,-0.005133165539152833,-0.01645999792404821,-0.013338488976273837,-0.0022118845410956096,-0.11542931340459749,0.19717985432715454,-0.0961800666700444,-0.005133165539152833,-0.01645999792404821,-0.006106380300079298,-0.018786051355745046,-0.0022118845410956096,-0.11542931340459749,0.19717985432715454,-0.0961800666700444,-0.005133165539152833,-0.030554659021992198,-0.006106380300079298,-0.018786051355745046,-0.0022118845410956096,-0.11542931340459749,0.19717985432715454,0.0927736255850177,-0.0961800666700444,-0.005133165539152833,-0.030554659021992198,-0.006106380300079298,-0.018786051355745046,-0.0022118845410956096,-0.17461546331041736,0.19717985432715454,0.0927736255850177,-0.04835167684466828,-0.0961800666700444,-0.005133165539152833,-0.030554659021992198,-0.006106380300079298,-0.018786051355745046,-0.0022118845410956096,-0.17461546331041736,0.03597919962101607,1.0999035206815297,0.0927736255850177,-0.04835167684466828
0.0,0.0018237019238250256,-0.0070451235941465335,0.01053258199866493,0.0,0.0018237019238250256,0.02781760971923773,0.01053258199866493,-0.08055088660429406,0.0,0.002620816671986957,0.02781760971923773,0.01053258199866493,-0.08055088660429406,0.0,0.0,0.002620816671986957,0.02781760971923773,0.01053258199866493,-0.013278060888841897,-0.18776695258829595,0.0,0.0,0.002620816671986957,0.02781760971923773,-0.003515604759054905,0.021114333062921428,-0.013278060888841897,-0.18776695258829595,0.0,0.0,0.002620816671986957,-0.029390498920378563,-0.003515604759054905,0.021114333062921428,-0.013278060888841897,-0.18776695258829595,0.0,0.471180451676264,0.0,0.002620816671986957,-0.029390498920378563,-0.003515604759054905,0.021114333062921428,-0.013278060888841897,-0.35424085855471543,0.0,0.471180451676264,0.0009034741736460979,0.0,0.002620816671986957,-0.029390498920378563,-0.003515604759054905,0.021114333062921428,-0.013278060888841897,-0.35424085855471543,0.0,0.0,0.471180451676264,0.0009034741736460979
4_clusters,4_clusters,4_clusters,4_clusters,5_clusters,5_clusters,5_clusters,5_clusters,5_clusters,6_clusters,6_clusters,6_clusters,6_clusters,6_clusters,6_clusters,7_clusters,7_clusters,7_clusters,7_clusters,7_clusters,7_clusters,7_clusters,8_clusters,8_clusters,8_clusters,8_clusters,8_clusters,8_clusters,8_clusters,8_clusters,9_clusters,9_clusters,9_clusters,9_clusters,9_clusters,9_clusters,9_clusters,9_clusters,9_clusters,10_clusters,10_clusters,10_clusters,10_clusters,10_clusters,10_clusters,10_clusters,10_clusters,10_clusters,10_clusters,11_clusters,11_clusters,11_clusters,11_clusters,11_clusters,11_clusters,11_clusters,11_clusters,11_clusters,11_clusters,11_clusters
